frequency,angle,length,velocity,thickness,target
-0.6620227,-1.146403,1.7992992,1.3129357,-0.64480454,0.60682845
-0.59856135,-1.146403,1.7992992,1.3129357,-0.64480454,0.5802377
-0.51923466,-1.146403,1.7992992,1.3129357,-0.64480454,0.60018075
-0.4081773,-1.146403,1.7992992,1.3129357,-0.64480454,0.6437898
-0.2812546,-1.146403,1.7992992,1.3129357,-0.64480454,0.64033294
-0.12260119,-1.146403,1.7992992,1.3129357,-0.64480454,0.5900763
0.08364822,-1.146403,1.7992992,1.3129357,-0.64480454,0.5802377
0.35335898,-1.146403,1.7992992,1.3129357,-0.64480454,0.5233334
0.67066574,-1.146403,1.7992992,1.3129357,-0.64480454,0.47653374
1.0831646,-1.146403,1.7992992,1.3129357,-0.64480454,0.42973387
1.622586,-1.146403,1.7992992,1.3129357,-0.64480454,0.3661819
2.2571995,-1.146403,1.7992992,1.3129357,-0.64480454,0.31938204
3.0504665,-1.146403,1.7992992,1.3129357,-0.64480454,0.23562102
4.1610403,-1.146403,1.7992992,1.3129357,-0.64480454,0.14202152
-0.7572148,-1.146403,1.7992992,0.29800728,-0.6320675,0.6125456
-0.71596485,-1.146403,1.7992992,0.29800728,-0.6320675,0.64658177
-0.6620227,-1.146403,1.7992992,0.29800728,-0.6320675,0.65695214
-0.59856135,-1.146403,1.7992992,0.29800728,-0.6320675,0.6271706
-0.51923466,-1.146403,1.7992992,0.29800728,-0.6320675,0.60377055
-0.4081773,-1.146403,1.7992992,0.29800728,-0.6320675,0.62770236
-0.2812546,-1.146403,1.7992992,0.29800728,-0.6320675,0.61786366
-0.12260119,-1.146403,1.7992992,0.29800728,-0.6320675,0.55112094
0.08364822,-1.146403,1.7992992,0.29800728,-0.6320675,0.5279868
0.35335898,-1.146403,1.7992992,0.29800728,-0.6320675,0.47134852
0.67066574,-1.146403,1.7992992,0.29800728,-0.6320675,0.43146235
1.0831646,-1.146403,1.7992992,0.29800728,-0.6320675,0.38811922
1.622586,-1.146403,1.7992992,0.29800728,-0.6320675,0.34823304
2.2571995,-1.146403,1.7992992,0.29800728,-0.6320675,0.2578243
3.0504665,-1.146403,1.7992992,0.29800728,-0.6320675,0.20464271
-0.8524068,-1.146403,1.7992992,-0.72334456,-0.6114853,0.39218763
-0.8365415,-1.146403,1.7992992,-0.72334456,-0.6114853,0.42383072
-0.81591654,-1.146403,1.7992992,-0.72334456,-0.6114853,0.51583487
-0.78894544,-1.146403,1.7992992,-0.72334456,-0.6114853,0.56981415
-0.7572148,-1.146403,1.7992992,-0.72334456,-0.6114853,0.62698436
-0.71596485,-1.146403,1.7992992,-0.72334456,-0.6114853,0.67139095
-0.6620227,-1.146403,1.7992992,-0.72334456,-0.6114853,0.6838886
-0.59856135,-1.146403,1.7992992,-0.72334456,-0.6114853,0.65197974
-0.51923466,-1.146403,1.7992992,-0.72334456,-0.6114853,0.5881618
-0.4081773,-1.146403,1.7992992,-0.72334456,-0.6114853,0.54960525
-0.2812546,-1.146403,1.7992992,-0.72334456,-0.6114853,0.54003257
-0.12260119,-1.146403,1.7992992,-0.72334456,-0.6114853,0.47913963
0.08364822,-1.146403,1.7992992,-0.72334456,-0.6114853,0.4504215
0.35335898,-1.146403,1.7992992,-0.72334456,-0.6114853,0.42143744
0.67066574,-1.146403,1.7992992,-0.72334456,-0.6114853,0.38314685
1.0831646,-1.146403,1.7992992,-0.72334456,-0.6114853,0.34166506
1.622586,-1.146403,1.7992992,-0.72334456,-0.6114853,0.3031085
2.2571995,-1.146403,1.7992992,-0.72334456,-0.6114853,0.23290883
3.0504665,-1.146403,1.7992992,-0.72334456,-0.6114853,0.16590011
-0.8524068,-1.146403,1.7992992,-1.2308085,-0.5954133,0.36735186
-0.8365415,-1.146403,1.7992992,-1.2308085,-0.5954133,0.404579
-0.81591654,-1.146403,1.7992992,-1.2308085,-0.5954133,0.5154626
-0.78894544,-1.146403,1.7992992,-1.2308085,-0.5954133,0.57608956
-0.7572148,-1.146403,1.7992992,-1.2308085,-0.5954133,0.63645077
-0.71596485,-1.146403,1.7992992,-1.2308085,-0.5954133,0.68378234
-0.6620227,-1.146403,1.7992992,-1.2308085,-0.5954133,0.687505
-0.59856135,-1.146403,1.7992992,-1.2308085,-0.5954133,0.6377802
-0.51923466,-1.146403,1.7992992,-1.2308085,-0.5954133,0.55774206
-0.4081773,-1.146403,1.7992992,-1.2308085,-0.5954133,0.5048262
-0.2812546,-1.146403,1.7992992,-1.2308085,-0.5954133,0.5050922
-0.12260119,-1.146403,1.7992992,-1.2308085,-0.5954133,0.46201503
0.08364822,-1.146403,1.7992992,-1.2308085,-0.5954133,0.41893807
0.35335898,-1.146403,1.7992992,-1.2308085,-0.5954133,0.39261302
0.67066574,-1.146403,1.7992992,-1.2308085,-0.5954133,0.32613605
1.0831646,-1.146403,1.7992992,-1.2308085,-0.5954133,0.2764114
1.622586,-1.146403,1.7992992,-1.2308085,-0.5954133,0.18972537
2.2571995,-1.146403,1.7992992,-1.2308085,-0.5954133,0.12989607
-0.6620227,-0.8928601,1.7992992,1.3129357,-0.5912577,0.6313187
-0.59856135,-0.8928601,1.7992992,1.3129357,-0.5912577,0.601271
-0.51923466,-0.8928601,1.7992992,1.3129357,-0.5912577,0.5980802
-0.4081773,-0.8928601,1.7992992,1.3129357,-0.5912577,0.6182893
-0.2812546,-0.8928601,1.7992992,1.3129357,-0.5912577,0.61855507
-0.12260119,-0.8928601,1.7992992,1.3129357,-0.5912577,0.5619167
0.08364822,-0.8928601,1.7992992,1.3129357,-0.5912577,0.53213495
0.35335898,-0.8928601,1.7992992,1.3129357,-0.5912577,0.48879206
0.67066574,-0.8928601,1.7992992,1.3129357,-0.5912577,0.43215373
1.0831646,-0.8928601,1.7992992,1.3129357,-0.5912577,0.39200157
1.622586,-0.8928601,1.7992992,1.3129357,-0.5912577,0.3188769
2.2571995,-0.8928601,1.7992992,1.3129357,-0.5912577,0.2688861
3.0504665,-0.8928601,1.7992992,1.3129357,-0.5912577,0.15534349
4.1610403,-0.8928601,1.7992992,1.3129357,-0.5912577,0.08514381
-0.81591654,-0.8928601,1.7992992,-0.72334456,-0.5491319,0.49115855
-0.78894544,-0.8928601,1.7992992,-0.72334456,-0.5491319,0.5483288
-0.7572148,-0.8928601,1.7992992,-0.72334456,-0.5491319,0.6190604
-0.71596485,-0.8928601,1.7992992,-0.72334456,-0.5491319,0.66293526
-0.6620227,-0.8928601,1.7992992,-0.72334456,-0.5491319,0.67676216
-0.59856135,-0.8928601,1.7992992,-0.72334456,-0.5491319,0.6435239
-0.51923466,-0.8928601,1.7992992,-0.72334456,-0.5491319,0.58050364
-0.4081773,-0.8928601,1.7992992,-0.72334456,-0.5491319,0.5007312
-0.2812546,-0.8928601,1.7992992,-0.72334456,-0.5491319,0.49780625
-0.12260119,-0.8928601,1.7992992,-0.72334456,-0.5491319,0.4680247
0.08364822,-0.8928601,1.7992992,-0.72334456,-0.5491319,0.41829982
0.35335898,-0.8928601,1.7992992,-0.72334456,-0.5491319,0.3818704
0.67066574,-0.8928601,1.7992992,-0.72334456,-0.5491319,0.34198418
1.0831646,-0.8928601,1.7992992,-0.72334456,-0.5491319,0.30236396
1.622586,-0.8928601,1.7992992,-0.72334456,-0.5491319,0.23588698
2.2571995,-0.8928601,1.7992992,-0.72334456,-0.5491319,0.14920095
3.0504665,-0.8928601,1.7992992,-0.72334456,-0.5491319,0.07261953
-0.78894544,-0.6393172,1.7992992,1.3129357,-0.52355725,0.6430719
-0.7572148,-0.6393172,1.7992992,1.3129357,-0.52355725,0.6667375
-0.71596485,-0.6393172,1.7992992,1.3129357,-0.52355725,0.6906694
-0.6620227,-0.6393172,1.7992992,1.3129357,-0.52355725,0.69439214
-0.59856135,-0.6393172,1.7992992,1.3129357,-0.52355725,0.6813625
-0.51923466,-0.6393172,1.7992992,1.3129357,-0.52355725,0.6449332
-0.4081773,-0.6393172,1.7992992,1.3129357,-0.52355725,0.61515146
-0.2812546,-0.6393172,1.7992992,1.3129357,-0.52355725,0.58882666
-0.12260119,-0.6393172,1.7992992,1.3129357,-0.52355725,0.5489405
0.08364822,-0.6393172,1.7992992,1.3129357,-0.52355725,0.4821975
0.35335898,-0.6393172,1.7992992,1.3129357,-0.52355725,0.44895902
0.67066574,-0.6393172,1.7992992,1.3129357,-0.52355725,0.3923207
1.0831646,-0.6393172,1.7992992,1.3129357,-0.52355725,0.3391391
1.622586,-0.6393172,1.7992992,1.3129357,-0.52355725,0.29925293
2.2571995,-0.6393172,1.7992992,1.3129357,-0.52355725,0.18198743
-0.78894544,-0.6393172,1.7992992,0.29800728,-0.50319725,0.60571164
-0.7572148,-0.6393172,1.7992992,0.29800728,-0.50319725,0.65942514
-0.71596485,-0.6393172,1.7992992,0.29800728,-0.50319725,0.69638634
-0.6620227,-0.6393172,1.7992992,0.29800728,-0.50319725,0.706491
-0.59856135,-0.6393172,1.7992992,0.29800728,-0.50319725,0.6900044
-0.51923466,-0.6393172,1.7992992,0.29800728,-0.50319725,0.63682306
-0.4081773,-0.6393172,1.7992992,0.29800728,-0.50319725,0.5599757
-0.2812546,-0.6393172,1.7992992,0.29800728,-0.50319725,0.5235462
-0.12260119,-0.6393172,1.7992992,0.29800728,-0.50319725,0.5067941
0.08364822,-0.6393172,1.7992992,0.29800728,-0.50319725,0.4469648
0.35335898,-0.6393172,1.7992992,0.29800728,-0.50319725,0.4070786
0.67066574,-0.6393172,1.7992992,0.29800728,-0.50319725,0.37038317
1.0831646,-0.6393172,1.7992992,0.29800728,-0.50319725,0.32704026
1.622586,-0.6393172,1.7992992,0.29800728,-0.50319725,0.27704963
2.2571995,-0.6393172,1.7992992,0.29800728,-0.50319725,0.23370652
-0.81591654,-0.6393172,1.7992992,-0.72334456,-0.47029793,0.53000766
-0.78894544,-0.6393172,1.7992992,-0.72334456,-0.47029793,0.5874439
-0.7572148,-0.6393172,1.7992992,-0.72334456,-0.47029793,0.64488006
-0.71596485,-0.6393172,1.7992992,-0.72334456,-0.47029793,0.6890209
-0.6620227,-0.6393172,1.7992992,-0.72334456,-0.47029793,0.69593436
-0.59856135,-0.6393172,1.7992992,-0.72334456,-0.47029793,0.6629616
-0.51923466,-0.6393172,1.7992992,-0.72334456,-0.47029793,0.5962189
-0.4081773,-0.6393172,1.7992992,-0.72334456,-0.47029793,0.51591456
-0.2812546,-0.6393172,1.7992992,-0.72334456,-0.47029793,0.4560853
-0.12260119,-0.6393172,1.7992992,-0.72334456,-0.47029793,0.44624683
0.08364822,-0.6393172,1.7992992,-0.72334456,-0.47029793,0.4132741
0.35335898,-0.6393172,1.7992992,-0.72334456,-0.47029793,0.35663578
0.67066574,-0.6393172,1.7992992,-0.72334456,-0.47029793,0.33004498
1.0831646,-0.6393172,1.7992992,-0.72334456,-0.47029793,0.2835111
1.622586,-0.6393172,1.7992992,-0.72334456,-0.47029793,0.19336833
-0.81591654,-0.6393172,1.7992992,-1.2308085,-0.44460693,0.52484906
-0.78894544,-0.6393172,1.7992992,-1.2308085,-0.44460693,0.5854762
-0.7572148,-0.6393172,1.7992992,-1.2308085,-0.44460693,0.64264625
-0.71596485,-0.6393172,1.7992992,-1.2308085,-0.44460693,0.6732257
-0.6620227,-0.6393172,1.7992992,-1.2308085,-0.44460693,0.6734915
-0.59856135,-0.6393172,1.7992992,-1.2308085,-0.44460693,0.62376684
-0.51923466,-0.6393172,1.7992992,-1.2308085,-0.44460693,0.57058525
-0.4081773,-0.6393172,1.7992992,-1.2308085,-0.44460693,0.49746054
-0.2812546,-0.6393172,1.7992992,-1.2308085,-0.44460693,0.44427896
-0.12260119,-0.6393172,1.7992992,-1.2308085,-0.44460693,0.43124953
0.08364822,-0.6393172,1.7992992,-1.2308085,-0.44460693,0.3916293
0.35335898,-0.6393172,1.7992992,-1.2308085,-0.44460693,0.32515234
0.67066574,-0.6393172,1.7992992,-1.2308085,-0.44460693,0.27861845
1.0831646,-0.6393172,1.7992992,-1.2308085,-0.44460693,0.16853258
-0.8365415,-0.47028863,1.7992992,1.3129357,-0.46875218,0.61198705
-0.81591654,-0.47028863,1.7992992,1.3129357,-0.46875218,0.65931886
-0.78894544,-0.47028863,1.7992992,1.3129357,-0.46875218,0.6965458
-0.7572148,-0.47028863,1.7992992,1.3129357,-0.46875218,0.7268593
-0.71596485,-0.47028863,1.7992992,1.3129357,-0.46875218,0.75079125
-0.6620227,-0.47028863,1.7992992,1.3129357,-0.46875218,0.7545139
-0.59856135,-0.47028863,1.7992992,1.3129357,-0.46875218,0.73483664
-0.51923466,-0.47028863,1.7992992,1.3129357,-0.46875218,0.69175965
-0.4081773,-0.47028863,1.7992992,1.3129357,-0.46875218,0.61863476
-0.2812546,-0.47028863,1.7992992,1.3129357,-0.46875218,0.55880547
-0.12260119,-0.47028863,1.7992992,1.3129357,-0.46875218,0.54231936
0.08364822,-0.47028863,1.7992992,1.3129357,-0.46875218,0.48913774
0.35335898,-0.47028863,1.7992992,1.3129357,-0.46875218,0.42957443
0.67066574,-0.47028863,1.7992992,1.3129357,-0.46875218,0.38304055
1.0831646,-0.47028863,1.7992992,1.3129357,-0.46875218,0.33996338
1.622586,-0.47028863,1.7992992,1.3129357,-0.46875218,0.2734864
2.2571995,-0.47028863,1.7992992,1.3129357,-0.46875218,0.20009576
3.0504665,-0.47028863,1.7992992,1.3129357,-0.46875218,0.10702798
-0.8365415,-0.47028863,1.7992992,-0.72334456,-0.40647936,0.5361502
-0.81591654,-0.47028863,1.7992992,-0.72334456,-0.40647936,0.6238999
-0.78894544,-0.47028863,1.7992992,-0.72334456,-0.40647936,0.6714972
-0.7572148,-0.47028863,1.7992992,-0.72334456,-0.40647936,0.7124473
-0.71596485,-0.47028863,1.7992992,-0.72334456,-0.40647936,0.73637885
-0.6620227,-0.47028863,1.7992992,-0.72334456,-0.40647936,0.7270723
-0.59856135,-0.47028863,1.7992992,-0.72334456,-0.40647936,0.6738907
-0.51923466,-0.47028863,1.7992992,-0.72334456,-0.40647936,0.6106045
-0.4081773,-0.47028863,1.7992992,-0.72334456,-0.40647936,0.5273752
-0.2812546,-0.47028863,1.7992992,-0.72334456,-0.40647936,0.46754593
-0.12260119,-0.47028863,1.7992992,-0.72334456,-0.40647936,0.44813475
0.08364822,-0.47028863,1.7992992,-0.72334456,-0.40647936,0.40851432
0.35335898,-0.47028863,1.7992992,-0.72334456,-0.40647936,0.3319329
0.67066574,-0.47028863,1.7992992,-0.72334456,-0.40647936,0.2752946
-0.51923466,-1.146403,0.98440963,1.3129357,-0.68435466,0.6584944
-0.4081773,-1.146403,0.98440963,1.3129357,-0.68435466,0.6848194
-0.2812546,-1.146403,0.98440963,1.3129357,-0.68435466,0.6611536
-0.12260119,-1.146403,0.98440963,1.3129357,-0.68435466,0.66407865
0.08364822,-1.146403,0.98440963,1.3129357,-0.68435466,0.6502513
0.35335898,-1.146403,0.98440963,1.3129357,-0.68435466,0.5968038
0.67066574,-1.146403,0.98440963,1.3129357,-0.68435466,0.5563858
1.0831646,-1.146403,0.98440963,1.3129357,-0.68435466,0.4962906
1.622586,-1.146403,0.98440963,1.3129357,-0.68435466,0.38939568
2.2571995,-1.146403,0.98440963,1.3129357,-0.68435466,0.3923207
3.0504665,-1.146403,0.98440963,1.3129357,-0.68435466,0.37875932
4.1610403,-1.146403,0.98440963,1.3129357,-0.68435466,0.30855966
5.4302673,-1.146403,0.98440963,1.3129357,-0.68435466,0.2949983
-0.81591654,-1.146403,0.98440963,0.29800728,-0.6729511,0.42970732
-0.78894544,-1.146403,0.98440963,0.29800728,-0.6729511,0.48607987
-0.7572148,-1.146403,0.98440963,0.29800728,-0.6729511,0.5424522
-0.71596485,-1.146403,0.98440963,0.29800728,-0.6729511,0.6057384
-0.6620227,-1.146403,0.98440963,0.29800728,-0.6729511,0.6421677
-0.59856135,-1.146403,0.98440963,0.29800728,-0.6729511,0.6623765
-0.51923466,-1.146403,0.98440963,0.29800728,-0.6729511,0.65227234
-0.4081773,-1.146403,0.98440963,0.29800728,-0.6729511,0.6224905
-0.2812546,-1.146403,0.98440963,0.29800728,-0.6729511,0.6158429
-0.12260119,-1.146403,0.98440963,0.29800728,-0.6729511,0.6158429
0.08364822,-1.146403,0.98440963,0.29800728,-0.6729511,0.57914764
0.35335898,-1.146403,0.98440963,0.29800728,-0.6729511,0.53261375
0.67066574,-1.146403,0.98440963,0.29800728,-0.6729511,0.50602293
1.0831646,-1.146403,0.98440963,0.29800728,-0.6729511,0.39965978
-0.81591654,-1.146403,0.98440963,-0.72334456,-0.6545612,0.46999234
-0.78894544,-1.146403,0.98440963,-0.72334456,-0.6545612,0.5367353
-0.7572148,-1.146403,0.98440963,-0.72334456,-0.6545612,0.606669
-0.71596485,-1.146403,0.98440963,-0.72334456,-0.6545612,0.67341197
-0.6620227,-1.146403,0.98440963,-0.72334456,-0.6545612,0.71329814
-0.59856135,-1.146403,0.98440963,-0.72334456,-0.6545612,0.7194139
-0.51923466,-1.146403,0.98440963,-0.72334456,-0.6545612,0.69175965
-0.4081773,-1.146403,0.98440963,-0.72334456,-0.6545612,0.63060075
-0.2812546,-1.146403,0.98440963,-0.72334456,-0.6545612,0.5830032
-0.12260119,-1.146403,0.98440963,-0.72334456,-0.6545612,0.5755578
0.08364822,-1.146403,0.98440963,-0.72334456,-0.6545612,0.56492144
0.35335898,-1.146403,0.98440963,-0.72334456,-0.6545612,0.53407604
0.67066574,-1.146403,0.98440963,-0.72334456,-0.6545612,0.4997741
1.0831646,-1.146403,0.98440963,-0.72334456,-0.6545612,0.3745313
-0.81591654,-1.146403,0.98440963,-1.2308085,-0.6402077,0.4577606
-0.78894544,-1.146403,0.98440963,-1.2308085,-0.6402077,0.53859663
-0.7572148,-1.146403,0.98440963,-1.2308085,-0.6402077,0.6194327
-0.71596485,-1.146403,0.98440963,-1.2308085,-0.6402077,0.6936208
-0.6620227,-1.146403,0.98440963,-1.2308085,-0.6402077,0.72712547
-0.59856135,-1.146403,0.98440963,-1.2308085,-0.6402077,0.7236685
-0.51923466,-1.146403,0.98440963,-1.2308085,-0.6402077,0.6760708
-0.4081773,-1.146403,0.98440963,-1.2308085,-0.6402077,0.59151226
-0.2812546,-1.146403,0.98440963,-1.2308085,-0.6402077,0.53381026
-0.12260119,-1.146403,0.98440963,-1.2308085,-0.6402077,0.5335443
0.08364822,-1.146403,0.98440963,-1.2308085,-0.6402077,0.5335443
0.35335898,-1.146403,0.98440963,-1.2308085,-0.6402077,0.4960514
0.67066574,-1.146403,0.98440963,-1.2308085,-0.6402077,0.45536733
1.0831646,-1.146403,0.98440963,-1.2308085,-0.6402077,0.35724744
-0.78894544,-0.8083458,0.98440963,1.3129357,-0.6244986,0.5779775
-0.7572148,-0.8083458,0.98440963,1.3129357,-0.6244986,0.61440694
-0.71596485,-0.8083458,0.98440963,1.3129357,-0.6244986,0.637541
-0.6620227,-0.8083458,0.98440963,1.3129357,-0.6244986,0.6604091
-0.59856135,-0.8083458,0.98440963,1.3129357,-0.6244986,0.680086
-0.51923466,-0.8083458,0.98440963,1.3129357,-0.6244986,0.67636335
-0.4081773,-0.8083458,0.98440963,1.3129357,-0.6244986,0.6492408
-0.2812546,-0.8083458,0.98440963,1.3129357,-0.6244986,0.6253092
-0.12260119,-0.8083458,0.98440963,1.3129357,-0.6244986,0.628234
0.08364822,-0.8083458,0.98440963,1.3129357,-0.6244986,0.60456824
0.35335898,-0.8083458,0.98440963,1.3129357,-0.6244986,0.55058897
0.67066574,-0.8083458,0.98440963,1.3129357,-0.6244986,0.51681876
1.0831646,-0.8083458,0.98440963,1.3129357,-0.6244986,0.46283948
1.622586,-0.8083458,0.98440963,1.3129357,-0.6244986,0.33546957
2.2571995,-0.8083458,0.98440963,1.3129357,-0.6244986,0.25809026
-0.78894544,-0.8083458,0.98440963,0.29800728,-0.6089089,0.50288516
-0.7572148,-0.8083458,0.98440963,0.29800728,-0.6089089,0.5667031
-0.71596485,-0.8083458,0.98440963,0.29800728,-0.6089089,0.62387335
-0.6620227,-0.8083458,0.98440963,0.29800728,-0.6089089,0.66774815
-0.59856135,-0.8083458,0.98440963,0.29800728,-0.6089089,0.68130934
-0.51923466,-0.8083458,0.98440963,0.29800728,-0.6089089,0.6749274
-0.4081773,-0.8083458,0.98440963,0.29800728,-0.6089089,0.62148005
-0.2812546,-0.8083458,0.98440963,0.29800728,-0.6089089,0.5645758
-0.12260119,-0.8083458,0.98440963,0.29800728,-0.6089089,0.5446327
0.08364822,-0.8083458,0.98440963,0.29800728,-0.6089089,0.5414417
0.35335898,-0.8083458,0.98440963,0.29800728,-0.6089089,0.5012898
0.67066574,-0.8083458,0.98440963,0.29800728,-0.6089089,0.45448992
1.0831646,-0.8083458,0.98440963,0.29800728,-0.6089089,0.40769005
-0.81591654,-0.8083458,0.98440963,-0.72334456,-0.5837686,0.445582
-0.78894544,-0.8083458,0.98440963,-0.72334456,-0.5837686,0.49902958
-0.7572148,-0.8083458,0.98440963,-0.72334456,-0.5837686,0.5790677
-0.71596485,-0.8083458,0.98440963,-0.72334456,-0.5837686,0.63916296
-0.6620227,-0.8083458,0.98440963,-0.72334456,-0.5837686,0.6822401
-0.59856135,-0.8083458,0.98440963,-0.72334456,-0.5837686,0.6851651
-0.51923466,-0.8083458,0.98440963,-0.72334456,-0.5837686,0.6614993
-0.4081773,-0.8083458,0.98440963,-0.72334456,-0.5837686,0.59714943
-0.2812546,-0.8083458,0.98440963,-0.72334456,-0.5837686,0.51631343
-0.12260119,-0.8083458,0.98440963,-0.72334456,-0.5837686,0.47908646
0.08364822,-0.8083458,0.98440963,-0.72334456,-0.5837686,0.48520222
0.35335898,-0.8083458,0.98440963,-0.72334456,-0.5837686,0.4479751
0.67066574,-0.8083458,0.98440963,-0.72334456,-0.5837686,0.41074815
1.0831646,-0.8083458,0.98440963,-0.72334456,-0.5837686,0.34666422
-0.81591654,-0.8083458,0.98440963,-1.2308085,-0.56414497,0.445848
-0.78894544,-0.8083458,0.98440963,-1.2308085,-0.56414497,0.5327998
-0.7572148,-0.8083458,0.98440963,-1.2308085,-0.56414497,0.6194858
-0.71596485,-0.8083458,0.98440963,-1.2308085,-0.56414497,0.68277204
-0.6620227,-0.8083458,0.98440963,-1.2308085,-0.56414497,0.7160105
-0.59856135,-0.8083458,0.98440963,-1.2308085,-0.56414497,0.7160105
-0.51923466,-0.8083458,0.98440963,-1.2308085,-0.56414497,0.6726674
-0.4081773,-0.8083458,0.98440963,-1.2308085,-0.56414497,0.5960858
-0.2812546,-0.8083458,0.98440963,-1.2308085,-0.56414497,0.52269536
-0.12260119,-0.8083458,0.98440963,-1.2308085,-0.56414497,0.47935224
0.08364822,-0.8083458,0.98440963,-1.2308085,-0.56414497,0.4825432
0.35335898,-0.8083458,0.98440963,-1.2308085,-0.56414497,0.4559524
0.67066574,-0.8083458,0.98440963,-1.2308085,-0.56414497,0.39585716
1.0831646,-0.8083458,0.98440963,-1.2308085,-0.56414497,0.31262806
-0.7572148,-0.47028863,0.98440963,1.3129357,-0.542669,0.6216397
-0.71596485,-0.47028863,0.98440963,1.3129357,-0.542669,0.6822665
-0.6620227,-0.47028863,0.98440963,1.3129357,-0.542669,0.7261415
-0.59856135,-0.47028863,0.98440963,1.3129357,-0.542669,0.75326383
-0.51923466,-0.47028863,0.98440963,1.3129357,-0.542669,0.75353
-0.4081773,-0.47028863,0.98440963,1.3129357,-0.542669,0.69370073
-0.2812546,-0.47028863,0.98440963,1.3129357,-0.542669,0.6072807
-0.12260119,-0.47028863,0.98440963,1.3129357,-0.542669,0.55728984
0.08364822,-0.47028863,0.98440963,1.3129357,-0.542669,0.55117404
0.35335898,-0.47028863,0.98440963,1.3129357,-0.542669,0.48788786
0.67066574,-0.47028863,0.98440963,1.3129357,-0.542669,0.47166744
1.0831646,-0.47028863,0.98440963,1.3129357,-0.542669,0.40519047
1.622586,-0.47028863,0.98440963,1.3129357,-0.542669,0.25176167
2.2571995,-0.47028863,0.98440963,1.3129357,-0.542669,0.25867534
3.0504665,-0.47028863,0.98440963,1.3129357,-0.542669,0.2892548
4.1610403,-0.47028863,0.98440963,1.3129357,-0.542669,0.24963437
5.4302673,-0.47028863,0.98440963,1.3129357,-0.542669,0.16640526
-0.78894544,-0.47028863,0.98440963,0.29800728,-0.5213566,0.52899736
-0.7572148,-0.47028863,0.98440963,0.29800728,-0.5213566,0.6364242
-0.71596485,-0.47028863,0.98440963,0.29800728,-0.5213566,0.7068898
-0.6620227,-0.47028863,0.98440963,0.29800728,-0.5213566,0.7574122
-0.59856135,-0.47028863,0.98440963,0.29800728,-0.5213566,0.7645918
-0.51923466,-0.47028863,0.98440963,0.29800728,-0.5213566,0.74145794
-0.4081773,-0.47028863,0.98440963,0.29800728,-0.5213566,0.6616856
-0.2812546,-0.47028863,0.98440963,0.29800728,-0.5213566,0.5550562
-0.12260119,-0.47028863,0.98440963,0.29800728,-0.5213566,0.5053316
0.08364822,-0.47028863,0.98440963,0.29800728,-0.5213566,0.50559735
0.35335898,-0.47028863,0.98440963,0.29800728,-0.5213566,0.4593294
0.67066574,-0.47028863,0.98440963,0.29800728,-0.5213566,0.44284305
1.0831646,-0.47028863,0.98440963,0.29800728,-0.5213566,0.36626163
1.622586,-0.47028863,0.98440963,0.29800728,-0.5213566,0.24314633
-0.81591654,-0.47028863,0.98440963,-0.72334456,-0.4869876,0.5012098
-0.78894544,-0.47028863,0.98440963,-0.72334456,-0.4869876,0.54508466
-0.7572148,-0.47028863,0.98440963,-0.72334456,-0.4869876,0.62911165
-0.71596485,-0.47028863,0.98440963,-0.72334456,-0.4869876,0.6966521
-0.6620227,-0.47028863,0.98440963,-0.72334456,-0.4869876,0.7203179
-0.59856135,-0.47028863,0.98440963,-0.72334456,-0.4869876,0.7070225
-0.51923466,-0.47028863,0.98440963,-0.72334456,-0.4869876,0.6636798
-0.4081773,-0.47028863,0.98440963,-0.72334456,-0.4869876,0.58337545
-0.2812546,-0.47028863,0.98440963,-0.72334456,-0.4869876,0.48605308
-0.12260119,-0.47028863,0.98440963,-0.72334456,-0.4869876,0.43260574
0.08364822,-0.47028863,0.98440963,-0.72334456,-0.4869876,0.45308056
0.35335898,-0.47028863,0.98440963,-0.72334456,-0.4869876,0.4195761
0.67066574,-0.47028863,0.98440963,-0.72334456,-0.4869876,0.37942415
1.0831646,-0.47028863,0.98440963,-0.72334456,-0.4869876,0.2890154
1.622586,-0.47028863,0.98440963,-0.72334456,-0.4869876,0.25923365
-0.8365415,-0.47028863,0.98440963,-1.2308085,-0.46016014,0.4469648
-0.81591654,-0.47028863,0.98440963,-1.2308085,-0.46016014,0.5379053
-0.78894544,-0.47028863,0.98440963,-1.2308085,-0.46016014,0.60544586
-0.7572148,-0.47028863,0.98440963,-1.2308085,-0.46016014,0.67963403
-0.71596485,-0.47028863,0.98440963,-1.2308085,-0.46016014,0.71712714
-0.6620227,-0.47028863,0.98440963,-1.2308085,-0.46016014,0.73095447
-0.59856135,-0.47028863,0.98440963,-1.2308085,-0.46016014,0.70436364
-0.51923466,-0.47028863,0.98440963,-1.2308085,-0.46016014,0.65782976
-0.4081773,-0.47028863,0.98440963,-1.2308085,-0.46016014,0.5809822
-0.2812546,-0.47028863,0.98440963,-1.2308085,-0.46016014,0.49748713
-0.12260119,-0.47028863,0.98440963,-1.2308085,-0.46016014,0.4474965
0.08364822,-0.47028863,0.98440963,-1.2308085,-0.46016014,0.44802824
0.35335898,-0.47028863,0.98440963,-1.2308085,-0.46016014,0.41159898
0.67066574,-0.47028863,0.98440963,-1.2308085,-0.46016014,0.3347516
1.0831646,-0.47028863,0.98440963,-1.2308085,-0.46016014,0.2477996
-0.78894544,-0.25055143,0.98440963,1.3129357,-0.4522854,0.64668804
-0.7572148,-0.25055143,0.98440963,1.3129357,-0.4522854,0.7046562
-0.71596485,-0.25055143,0.98440963,1.3129357,-0.4522854,0.7557105
-0.6620227,-0.25055143,0.98440963,1.3129357,-0.4522854,0.8003828
-0.59856135,-0.25055143,0.98440963,1.3129357,-0.4522854,0.8142101
-0.51923466,-0.25055143,0.98440963,1.3129357,-0.4522854,0.797724
-0.4081773,-0.25055143,0.98440963,1.3129357,-0.4522854,0.72007895
-0.2812546,-0.25055143,0.98440963,1.3129357,-0.4522854,0.5985588
-0.12260119,-0.25055143,0.98440963,1.3129357,-0.4522854,0.5413886
0.08364822,-0.25055143,0.98440963,1.3129357,-0.4522854,0.5249024
0.35335898,-0.25055143,0.98440963,1.3129357,-0.4522854,0.45071405
0.67066574,-0.25055143,0.98440963,1.3129357,-0.4522854,0.39008707
1.0831646,-0.25055143,0.98440963,1.3129357,-0.4522854,0.36003935
1.622586,-0.25055143,0.98440963,1.3129357,-0.4522854,0.30632603
2.2571995,-0.25055143,0.98440963,1.3129357,-0.4522854,0.21192865
-0.8365415,-0.25055143,0.98440963,-0.72334456,-0.38008854,0.6283671
-0.81591654,-0.25055143,0.98440963,-0.72334456,-0.38008854,0.69963026
-0.78894544,-0.25055143,0.98440963,-0.72334456,-0.38008854,0.7403141
-0.7572148,-0.25055143,0.98440963,-0.72334456,-0.38008854,0.76770306
-0.71596485,-0.25055143,0.98440963,-0.72334456,-0.38008854,0.7613211
-0.6620227,-0.25055143,0.98440963,-0.72334456,-0.38008854,0.6943122
-0.59856135,-0.25055143,0.98440963,-0.72334456,-0.38008854,0.5903423
-0.51923466,-0.25055143,0.98440963,-0.72334456,-0.38008854,0.594065
-0.4081773,-0.25055143,0.98440963,-0.72334456,-0.38008854,0.52386534
-0.2812546,-0.25055143,0.98440963,-0.72334456,-0.38008854,0.38639095
-0.12260119,-0.25055143,0.98440963,-0.72334456,-0.38008854,0.33959112
0.08364822,-0.25055143,0.98440963,-0.72334456,-0.38008854,0.40048406
0.35335898,-0.25055143,0.98440963,-0.72334456,-0.38008854,0.3302844
0.67066574,-0.25055143,0.98440963,-0.72334456,-0.38008854,0.31725475
1.0831646,-0.25055143,0.98440963,-0.72334456,-0.38008854,0.24359833
-0.8524068,0.08750573,0.98440963,1.3129357,-0.053209223,0.940729
-0.8365415,0.08750573,0.98440963,1.3129357,-0.053209223,0.9715744
-0.81591654,0.08750573,0.98440963,1.3129357,-0.053209223,0.96864945
-0.78894544,0.08750573,0.98440963,1.3129357,-0.053209223,0.958811
-0.7572148,0.08750573,0.98440963,1.3129357,-0.053209223,0.8886113
-0.71596485,0.08750573,0.98440963,1.3129357,-0.053209223,0.8080412
-0.6620227,0.08750573,0.98440963,1.3129357,-0.053209223,0.7277369
-0.59856135,0.08750573,0.98440963,1.3129357,-0.053209223,0.62376684
-0.51923466,0.08750573,0.98440963,1.3129357,-0.053209223,0.63759416
-0.4081773,0.08750573,0.98440963,1.3129357,-0.053209223,0.59425104
-0.2812546,0.08750573,0.98440963,1.3129357,-0.053209223,0.5139469
-0.12260119,0.08750573,0.98440963,1.3129357,-0.053209223,0.49746054
0.08364822,0.08750573,0.98440963,1.3129357,-0.053209223,0.45411763
0.35335898,0.08750573,0.98440963,1.3129357,-0.053209223,0.42087916
0.67066574,0.08750573,0.98440963,1.3129357,-0.053209223,0.31690904
1.0831646,0.08750573,0.98440963,1.3129357,-0.053209223,0.33073637
-0.8524068,0.08750573,0.98440963,0.29800728,0.0023367617,0.847023
-0.8365415,0.08750573,0.98440963,0.29800728,0.0023367617,0.87760264
-0.81591654,0.08750573,0.98440963,0.29800728,0.0023367617,0.87494344
-0.78894544,0.08750573,0.98440963,0.29800728,0.0023367617,0.86537075
-0.7572148,0.08750573,0.98440963,0.29800728,0.0023367617,0.79224604
-0.71596485,0.08750573,0.98440963,0.29800728,0.0023367617,0.73268294
-0.6620227,0.08750573,0.98440963,0.29800728,0.0023367617,0.6664717
-0.59856135,0.08750573,0.98440963,0.29800728,0.0023367617,0.58005166
-0.51923466,0.08750573,0.98440963,0.29800728,0.0023367617,0.5941447
-0.4081773,0.08750573,0.98440963,0.29800728,0.0023367617,0.5311245
-0.2812546,0.08750573,0.98440963,0.29800728,0.0023367617,0.4513521
-0.12260119,0.08750573,0.98440963,0.29800728,0.0023367617,0.4151888
0.08364822,0.08750573,0.98440963,0.29800728,0.0023367617,0.3657299
0.35335898,0.08750573,0.98440963,0.29800728,0.0023367617,0.36971837
0.67066574,0.08750573,0.98440963,0.29800728,0.0023367617,0.2596325
1.0831646,0.08750573,0.98440963,0.29800728,0.0023367617,0.21682131
-0.8524068,0.08750573,0.98440963,-0.72334456,0.091908686,0.7341452
-0.8365415,0.08750573,0.98440963,-0.72334456,0.091908686,0.7580772
-0.81591654,0.08750573,0.98440963,-0.72334456,0.091908686,0.7649906
-0.78894544,0.08750573,0.98440963,-0.72334456,0.091908686,0.76206565
-0.7572148,0.08750573,0.98440963,-0.72334456,0.091908686,0.71579754
-0.71596485,0.08750573,0.98440963,-0.72334456,0.091908686,0.67936826
-0.6620227,0.08750573,0.98440963,-0.72334456,0.091908686,0.60943455
-0.59856135,0.08750573,0.98440963,-0.72334456,0.091908686,0.5094531
-0.51923466,0.08750573,0.98440963,-0.72334456,0.091908686,0.52673715
-0.4081773,0.08750573,0.98440963,-0.72334456,0.091908686,0.47009864
-0.2812546,0.08750573,0.98440963,-0.72334456,0.091908686,0.38367856
-0.12260119,0.08750573,0.98440963,-0.72334456,0.091908686,0.35044008
0.08364822,0.08750573,0.98440963,-0.72334456,0.091908686,0.2906108
0.35335898,0.08750573,0.98440963,-0.72334456,0.091908686,0.28449503
0.67066574,0.08750573,0.98440963,-0.72334456,0.091908686,0.22812247
1.0831646,0.08750573,0.98440963,-0.72334456,0.091908686,0.19834071
-0.8524068,0.08750573,0.98440963,-1.2308085,0.1618243,0.67272055
-0.8365415,0.08750573,0.98440963,-1.2308085,0.1618243,0.71021366
-0.81591654,0.08750573,0.98440963,-1.2308085,0.1618243,0.7142021
-0.78894544,0.08750573,0.98440963,-1.2308085,0.1618243,0.7149998
-0.7572148,0.08750573,0.98440963,-1.2308085,0.1618243,0.6591594
-0.71596485,0.08750573,0.98440963,-1.2308085,0.1618243,0.60650957
-0.6620227,0.08750573,0.98440963,-1.2308085,0.1618243,0.5272689
-0.59856135,0.08750573,0.98440963,-1.2308085,0.1618243,0.41798073
-0.51923466,0.08750573,0.98440963,-1.2308085,0.1618243,0.45547384
-0.4081773,0.08750573,0.98440963,-1.2308085,0.1618243,0.41638532
-0.2812546,0.08750573,0.98440963,-1.2308085,0.1618243,0.31720158
-0.12260119,0.08750573,0.98440963,-1.2308085,0.1618243,0.30124715
0.08364822,0.08750573,0.98440963,-1.2308085,0.1618243,0.26189268
0.35335898,0.08750573,0.98440963,-1.2308085,0.1618243,0.24620423
0.67066574,0.08750573,0.98440963,-1.2308085,0.1618243,0.20339303
1.0831646,0.08750573,0.98440963,-1.2308085,0.1618243,0.19435225
-0.6620227,-1.146403,0.16952018,1.3129357,-0.725786,0.5966177
-0.59856135,-1.146403,0.16952018,1.3129357,-0.725786,0.6362379
-0.51923466,-1.146403,0.16952018,1.3129357,-0.725786,0.6793151
-0.4081773,-1.146403,0.16952018,1.3129357,-0.725786,0.69899243
-0.2812546,-1.146403,0.16952018,1.3129357,-0.725786,0.6718697
-0.12260119,-1.146403,0.16952018,1.3129357,-0.725786,0.6580424
0.08364822,-1.146403,0.16952018,1.3129357,-0.725786,0.6912809
0.35335898,-1.146403,0.16952018,1.3129357,-0.725786,0.6774536
0.67066574,-1.146403,0.16952018,1.3129357,-0.725786,0.61363584
1.0831646,-1.146403,0.16952018,1.3129357,-0.725786,0.5862473
1.622586,-1.146403,0.16952018,1.3129357,-0.725786,0.509134
2.2571995,-1.146403,0.16952018,1.3129357,-0.725786,0.448507
3.0504665,-1.146403,0.16952018,1.3129357,-0.725786,0.36448002
4.1610403,-1.146403,0.16952018,1.3129357,-0.725786,0.26370087
-0.7572148,-1.146403,0.16952018,0.29800728,-0.7160582,0.45717552
-0.71596485,-1.146403,0.16952018,0.29800728,-0.7160582,0.53721386
-0.6620227,-1.146403,0.16952018,0.29800728,-0.7160582,0.620443
-0.59856135,-1.146403,0.16952018,0.29800728,-0.7160582,0.6701676
-0.51923466,-1.146403,0.16952018,0.29800728,-0.7160582,0.70659727
-0.4081773,-1.146403,0.16952018,0.29800728,-0.7160582,0.71271306
-0.2812546,-1.146403,0.16952018,0.29800728,-0.7160582,0.6991519
-0.12260119,-1.146403,0.16952018,0.29800728,-0.7160582,0.6483634
0.08364822,-1.146403,0.16952018,0.29800728,-0.7160582,0.6480974
0.35335898,-1.146403,0.16952018,0.29800728,-0.7160582,0.6342703
0.67066574,-1.146403,0.16952018,0.29800728,-0.7160582,0.58029103
1.0831646,-1.146403,0.16952018,0.29800728,-0.7160582,0.52976847
1.622586,-1.146403,0.16952018,0.29800728,-0.7160582,0.4925413
2.2571995,-1.146403,0.16952018,0.29800728,-0.7160582,0.4220757
3.0504665,-1.146403,0.16952018,0.29800728,-0.7160582,0.36463967
4.1610403,-1.146403,0.16952018,0.29800728,-0.7160582,0.25056514
-0.7572148,-1.146403,0.16952018,-0.72334456,-0.7003734,0.42898935
-0.71596485,-1.146403,0.16952018,-0.72334456,-0.7003734,0.5590183
-0.6620227,-1.146403,0.16952018,-0.72334456,-0.7003734,0.6520861
-0.59856135,-1.146403,0.16952018,-0.72334456,-0.7003734,0.7087246
-0.51923466,-1.146403,0.16952018,-0.72334456,-0.7003734,0.73504925
-0.4081773,-1.146403,0.16952018,-0.72334456,-0.7003734,0.7347835
-0.2812546,-1.146403,0.16952018,-0.72334456,-0.7003734,0.69808805
-0.12260119,-1.146403,0.16952018,-0.72334456,-0.7003734,0.6244316
0.08364822,-1.146403,0.16952018,-0.72334456,-0.7003734,0.5909272
0.35335898,-1.146403,0.16952018,-0.72334456,-0.7003734,0.5840137
0.67066574,-1.146403,0.16952018,-0.72334456,-0.7003734,0.53375715
1.0831646,-1.146403,0.16952018,-0.72334456,-0.7003734,0.47685286
1.622586,-1.146403,0.16952018,-0.72334456,-0.7003734,0.4566438
2.2571995,-1.146403,0.16952018,-0.72334456,-0.7003734,0.31996712
-0.7572148,-1.146403,0.16952018,-1.2308085,-0.6881125,0.48493627
-0.71596485,-1.146403,0.16952018,-1.2308085,-0.6881125,0.6014041
-0.6620227,-1.146403,0.16952018,-1.2308085,-0.6881125,0.6843674
-0.59856135,-1.146403,0.16952018,-1.2308085,-0.6881125,0.73409206
-0.51923466,-1.146403,0.16952018,-1.2308085,-0.6881125,0.74685556
-0.4081773,-1.146403,0.16952018,-1.2308085,-0.6881125,0.7295717
-0.2812546,-1.146403,0.16952018,-1.2308085,-0.6881125,0.6787832
-0.12260119,-1.146403,0.16952018,-1.2308085,-0.6881125,0.5979471
0.08364822,-1.146403,0.16952018,-1.2308085,-0.6881125,0.55380654
0.35335898,-1.146403,0.16952018,-1.2308085,-0.6881125,0.54317015
0.67066574,-1.146403,0.16952018,-1.2308085,-0.6881125,0.5056773
1.0831646,-1.146403,0.16952018,-1.2308085,-0.6881125,0.43494564
1.622586,-1.146403,0.16952018,-1.2308085,-0.6881125,0.38761407
-0.71596485,-0.69002575,0.16952018,1.3129357,-0.6619096,0.63881725
-0.6620227,-0.69002575,0.16952018,1.3129357,-0.6619096,0.6385513
-0.59856135,-0.69002575,0.16952018,1.3129357,-0.6619096,0.6752467
-0.51923466,-0.69002575,0.16952018,1.3129357,-0.6619096,0.711676
-0.4081773,-0.69002575,0.16952018,1.3129357,-0.6619096,0.72497135
-0.2812546,-0.69002575,0.16952018,1.3129357,-0.6619096,0.71087825
-0.12260119,-0.69002575,0.16952018,1.3129357,-0.6619096,0.6635467
0.08364822,-0.69002575,0.16952018,1.3129357,-0.6619096,0.6295105
0.35335898,-0.69002575,0.16952018,1.3129357,-0.6619096,0.6156832
0.67066574,-0.69002575,0.16952018,1.3129357,-0.6619096,0.55798125
1.0831646,-0.69002575,0.16952018,1.3129357,-0.6619096,0.49363154
1.622586,-0.69002575,0.16952018,1.3129357,-0.6619096,0.45613843
2.2571995,-0.69002575,0.16952018,1.3129357,-0.6619096,0.35482758
3.0504665,-0.69002575,0.16952018,1.3129357,-0.6619096,0.2567075
4.1610403,-0.69002575,0.16952018,1.3129357,-0.6619096,0.18571013
-0.7572148,-0.69002575,0.16952018,-0.72334456,-0.6231498,0.46876922
-0.71596485,-0.69002575,0.16952018,-0.72334456,-0.6231498,0.5964049
-0.6620227,-0.69002575,0.16952018,-0.72334456,-0.6231498,0.676709
-0.59856135,-0.69002575,0.16952018,-0.72334456,-0.6231498,0.7235091
-0.51923466,-0.69002575,0.16952018,-0.72334456,-0.6231498,0.7298906
-0.4081773,-0.69002575,0.16952018,-0.72334456,-0.6231498,0.70914984
-0.2812546,-0.69002575,0.16952018,-0.72334456,-0.6231498,0.65836173
-0.12260119,-0.69002575,0.16952018,-0.72334456,-0.6231498,0.5905549
0.08364822,-0.69002575,0.16952018,-0.72334456,-0.6231498,0.51955754
0.35335898,-0.69002575,0.16952018,-0.72334456,-0.6231498,0.49216905
0.67066574,-0.69002575,0.16952018,-0.72334456,-0.6231498,0.48179865
1.0831646,-0.69002575,0.16952018,-0.72334456,-0.6231498,0.4209057
1.622586,-0.69002575,0.16952018,-0.72334456,-0.6231498,0.3530991
2.2571995,-0.69002575,0.16952018,-0.72334456,-0.6231498,0.2448746
3.0504665,-0.69002575,0.16952018,-0.72334456,-0.6231498,0.14010702
-0.78894544,-0.2336486,0.16952018,1.3129357,-0.54221565,0.55151975
-0.7572148,-0.2336486,0.16952018,1.3129357,-0.54221565,0.60922176
-0.71596485,-0.2336486,0.16952018,1.3129357,-0.54221565,0.6804849
-0.6620227,-0.2336486,0.16952018,1.3129357,-0.54221565,0.7419099
-0.59856135,-0.2336486,0.16952018,1.3129357,-0.54221565,0.7929642
-0.51923466,-0.2336486,0.16952018,1.3129357,-0.54221565,0.8171615
-0.4081773,-0.2336486,0.16952018,1.3129357,-0.54221565,0.7940277
-0.2812546,-0.2336486,0.16952018,1.3129357,-0.54221565,0.73738915
-0.12260119,-0.2336486,0.16952018,1.3129357,-0.54221565,0.6437898
0.08364822,-0.2336486,0.16952018,1.3129357,-0.54221565,0.5299811
0.35335898,-0.2336486,0.16952018,1.3129357,-0.54221565,0.47999045
0.67066574,-0.2336486,0.16952018,1.3129357,-0.54221565,0.44356102
1.0831646,-0.2336486,0.16952018,1.3129357,-0.54221565,0.34650478
-0.78894544,-0.2336486,0.16952018,0.29800728,-0.51780564,0.62294257
-0.7572148,-0.2336486,0.16952018,0.29800728,-0.51780564,0.6910151
-0.71596485,-0.2336486,0.16952018,0.29800728,-0.51780564,0.75589675
-0.6620227,-0.2336486,0.16952018,0.29800728,-0.51780564,0.7901987
-0.59856135,-0.2336486,0.16952018,0.29800728,-0.51780564,0.76440555
-0.51923466,-0.2336486,0.16952018,0.29800728,-0.51780564,0.7285078
-0.4081773,-0.2336486,0.16952018,0.29800728,-0.51780564,0.722924
-0.2812546,-0.2336486,0.16952018,0.29800728,-0.51780564,0.6734651
-0.12260119,-0.2336486,0.16952018,0.29800728,-0.51780564,0.5503498
0.08364822,-0.2336486,0.16952018,0.29800728,-0.51780564,0.48413858
0.35335898,-0.2336486,0.16952018,0.29800728,-0.51780564,0.43494564
0.67066574,-0.2336486,0.16952018,0.29800728,-0.51780564,0.4088868
1.0831646,-0.2336486,0.16952018,0.29800728,-0.51780564,0.3697983
1.622586,-0.2336486,0.16952018,0.29800728,-0.51780564,0.307044
-0.81591654,-0.2336486,0.16952018,-0.72334456,-0.4784465,0.58412004
-0.78894544,-0.2336486,0.16952018,-0.72334456,-0.4784465,0.645013
-0.7572148,-0.2336486,0.16952018,-0.72334456,-0.4784465,0.70617163
-0.71596485,-0.2336486,0.16952018,-0.72334456,-0.4784465,0.77052134
-0.6620227,-0.2336486,0.16952018,-0.72334456,-0.4784465,0.7811579
-0.59856135,-0.2336486,0.16952018,-0.72334456,-0.4784465,0.7213286
-0.51923466,-0.2336486,0.16952018,-0.72334456,-0.4784465,0.63118565
-0.4081773,-0.2336486,0.16952018,-0.72334456,-0.4784465,0.6085835
-0.2812546,-0.2336486,0.16952018,-0.72334456,-0.4784465,0.5655065
-0.12260119,-0.2336486,0.16952018,-0.72334456,-0.4784465,0.45515472
0.08364822,-0.2336486,0.16952018,-0.72334456,-0.4784465,0.4189912
0.35335898,-0.2336486,0.16952018,-0.72334456,-0.4784465,0.36580965
0.67066574,-0.2336486,0.16952018,-0.72334456,-0.4784465,0.3631506
1.0831646,-0.2336486,0.16952018,-0.72334456,-0.4784465,0.35357788
-0.81591654,-0.2336486,0.16952018,-1.2308085,-0.44768018,0.59459674
-0.78894544,-0.2336486,0.16952018,-1.2308085,-0.44768018,0.648842
-0.7572148,-0.2336486,0.16952018,-1.2308085,-0.44768018,0.6993645
-0.71596485,-0.2336486,0.16952018,-1.2308085,-0.44768018,0.74696183
-0.6620227,-0.2336486,0.16952018,-1.2308085,-0.44768018,0.7474938
-0.59856135,-0.2336486,0.16952018,-1.2308085,-0.44768018,0.6610737
-0.51923466,-0.2336486,0.16952018,-1.2308085,-0.44768018,0.5480628
-0.4081773,-0.2336486,0.16952018,-1.2308085,-0.44768018,0.54194707
-0.2812546,-0.2336486,0.16952018,-1.2308085,-0.44768018,0.51562226
-0.12260119,-0.2336486,0.16952018,-1.2308085,-0.44768018,0.4193635
0.08364822,-0.2336486,0.16952018,-1.2308085,-0.44768018,0.3964954
0.35335898,-0.2336486,0.16952018,-1.2308085,-0.44768018,0.3403888
0.67066574,-0.2336486,0.16952018,-1.2308085,-0.44768018,0.32735938
1.0831646,-0.2336486,0.16952018,-1.2308085,-0.44768018,0.32470033
-0.81591654,0.070602804,0.16952018,1.3129357,-0.2753331,0.6736246
-0.78894544,0.070602804,0.16952018,1.3129357,-0.2753331,0.7111177
-0.7572148,0.070602804,0.16952018,1.3129357,-0.2753331,0.7621719
-0.71596485,0.070602804,0.16952018,1.3129357,-0.2753331,0.836892
-0.6620227,0.070602804,0.16952018,1.3129357,-0.2753331,0.8680032
-0.59856135,0.070602804,0.16952018,1.3129357,-0.2753331,0.8214693
-0.51923466,0.070602804,0.16952018,1.3129357,-0.2753331,0.77466965
-0.4081773,0.070602804,0.16952018,1.3129357,-0.2753331,0.7315927
-0.2812546,0.070602804,0.16952018,1.3129357,-0.2753331,0.6717634
-0.12260119,0.070602804,0.16952018,1.3129357,-0.2753331,0.5576887
0.08364822,0.070602804,0.16952018,1.3129357,-0.2753331,0.35639638
0.35335898,0.070602804,0.16952018,1.3129357,-0.2753331,0.42446896
0.67066574,0.070602804,0.16952018,1.3129357,-0.2753331,0.39787817
1.0831646,0.070602804,0.16952018,1.3129357,-0.2753331,0.35161003
1.622586,0.070602804,0.16952018,1.3129357,-0.2753331,0.26465824
2.2571995,0.070602804,0.16952018,1.3129357,-0.2753331,0.18435413
-0.8365415,0.070602804,0.16952018,-0.72334456,-0.15580046,0.6410509
-0.81591654,0.070602804,0.16952018,-0.72334456,-0.15580046,0.7226846
-0.78894544,0.070602804,0.16952018,-0.72334456,-0.15580046,0.7641662
-0.7572148,0.070602804,0.16952018,-0.72334456,-0.15580046,0.7785254
-0.71596485,0.070602804,0.16952018,-0.72334456,-0.15580046,0.7928843
-0.6620227,0.070602804,0.16952018,-0.72334456,-0.15580046,0.7705481
-0.59856135,0.070602804,0.16952018,-0.72334456,-0.15580046,0.663653
-0.51923466,0.070602804,0.16952018,-0.72334456,-0.15580046,0.50650156
-0.4081773,0.070602804,0.16952018,-0.72334456,-0.15580046,0.44348127
-0.2812546,0.070602804,0.16952018,-0.72334456,-0.15580046,0.44800165
-0.12260119,0.070602804,0.16952018,-0.72334456,-0.15580046,0.37487698
0.08364822,0.070602804,0.16952018,-0.72334456,-0.15580046,0.2243732
0.35335898,0.070602804,0.16952018,-0.72334456,-0.15580046,0.2892548
0.67066574,0.070602804,0.16952018,-0.72334456,-0.15580046,0.2634617
1.0831646,0.070602804,0.16952018,-0.72334456,-0.15580046,0.24750726
1.622586,0.070602804,0.16952018,-0.72334456,-0.15580046,0.21825723
2.2571995,0.070602804,0.16952018,-0.72334456,-0.15580046,0.19911183
-0.8524068,0.5269799,0.16952018,1.3129357,0.62074435,0.82269263
-0.8365415,0.5269799,0.16952018,1.3129357,0.62074435,0.8495492
-0.81591654,0.5269799,0.16952018,1.3129357,0.62074435,0.8530061
-0.78894544,0.5269799,0.16952018,1.3129357,0.62074435,0.84290147
-0.7572148,0.5269799,0.16952018,1.3129357,0.62074435,0.74185675
-0.71596485,0.5269799,0.16952018,1.3129357,0.62074435,0.7048956
-0.6620227,0.5269799,0.16952018,1.3129357,0.62074435,0.67803866
-0.59856135,0.5269799,0.16952018,1.3129357,0.62074435,0.61076397
-0.51923466,0.5269799,0.16952018,1.3129357,0.62074435,0.5131758
-0.4081773,0.5269799,0.16952018,1.3129357,0.62074435,0.48951
-0.2812546,0.5269799,0.16952018,1.3129357,0.62074435,0.46265325
-0.12260119,0.5269799,0.16952018,1.3129357,0.62074435,0.43233976
0.08364822,0.5269799,0.16952018,1.3129357,0.62074435,0.35815144
0.35335898,0.5269799,0.16952018,1.3129357,0.62074435,0.31108582
0.67066574,0.5269799,0.16952018,1.3129357,0.62074435,0.29752445
1.0831646,0.5269799,0.16952018,1.3129357,0.62074435,0.23024979
-0.8524068,0.5269799,0.16952018,0.29800728,0.738173,0.759832
-0.8365415,0.5269799,0.16952018,0.29800728,0.738173,0.7938682
-0.81591654,0.5269799,0.16952018,0.29800728,0.738173,0.7704682
-0.78894544,0.5269799,0.16952018,0.29800728,0.738173,0.75052506
-0.7572148,0.5269799,0.16952018,0.29800728,0.738173,0.6497462
-0.71596485,0.5269799,0.16952018,0.29800728,0.738173,0.63645077
-0.6620227,0.5269799,0.16952018,0.29800728,0.738173,0.61650765
-0.59856135,0.5269799,0.16952018,0.29800728,0.738173,0.56598514
-0.51923466,0.5269799,0.16952018,0.29800728,0.738173,0.48541504
-0.4081773,0.5269799,0.16952018,0.29800728,0.738173,0.4386152
-0.2812546,0.5269799,0.16952018,0.29800728,0.738173,0.42877653
-0.12260119,0.5269799,0.16952018,0.29800728,0.738173,0.39846304
0.08364822,0.5269799,0.16952018,0.29800728,0.738173,0.31124526
0.35335898,0.5269799,0.16952018,0.29800728,0.738173,0.254341
0.67066574,0.5269799,0.16952018,0.29800728,0.738173,0.23094118
1.0831646,0.5269799,0.16952018,0.29800728,0.738173,0.19078901
-0.8524068,0.5269799,0.16952018,-0.72334456,0.9275102,0.63645077
-0.8365415,0.5269799,0.16952018,-0.72334456,0.9275102,0.6635735
-0.81591654,0.5269799,0.16952018,-0.72334456,0.9275102,0.6704869
-0.78894544,0.5269799,0.16952018,-0.72334456,0.9275102,0.6638392
-0.7572148,0.5269799,0.16952018,-0.72334456,0.9275102,0.6236871
-0.71596485,0.5269799,0.16952018,-0.72334456,0.9275102,0.61384845
-0.6620227,0.5269799,0.16952018,-0.72334456,0.9275102,0.61065763
-0.59856135,0.5269799,0.16952018,-0.72334456,0.9275102,0.54391474
-0.51923466,0.5269799,0.16952018,-0.72334456,0.9275102,0.45669696
-0.4081773,0.5269799,0.16952018,-0.72334456,0.9275102,0.40324938
-0.2812546,0.5269799,0.16952018,-0.72334456,0.9275102,0.38676324
-0.12260119,0.5269799,0.16952018,-0.72334456,0.9275102,0.34342012
0.08364822,0.5269799,0.16952018,-0.72334456,0.9275102,0.2697637
0.35335898,0.5269799,0.16952018,-0.72334456,0.9275102,0.23625925
0.67066574,0.5269799,0.16952018,-0.72334456,0.9275102,0.20621173
1.0831646,0.5269799,0.16952018,-0.72334456,0.9275102,0.17297323
-0.8524068,0.5269799,0.16952018,-1.2308085,1.0755187,0.6360253
-0.8365415,0.5269799,0.16952018,-1.2308085,1.0755187,0.6695298
-0.81591654,0.5269799,0.16952018,-1.2308085,1.0755187,0.6761775
-0.78894544,0.5269799,0.16952018,-1.2308085,1.0755187,0.67963403
-0.7572148,0.5269799,0.16952018,-1.2308085,1.0755187,0.6328344
-0.71596485,0.5269799,0.16952018,-1.2308085,1.0755187,0.60278684
-0.6620227,0.5269799,0.16952018,-1.2308085,1.0755187,0.5892255
-0.59856135,0.5269799,0.16952018,-1.2308085,1.0755187,0.4990827
-0.51923466,0.5269799,0.16952018,-1.2308085,1.0755187,0.40521726
-0.4081773,0.5269799,0.16952018,-1.2308085,1.0755187,0.36533105
-0.2812546,0.5269799,0.16952018,-1.2308085,1.0755187,0.3584174
-0.12260119,0.5269799,0.16952018,-1.2308085,1.0755187,0.30177888
0.08364822,0.5269799,0.16952018,-1.2308085,1.0755187,0.23477018
0.35335898,0.5269799,0.16952018,-1.2308085,1.0755187,0.21482708
0.67066574,0.5269799,0.16952018,-1.2308085,1.0755187,0.17467493
1.0831646,0.5269799,0.16952018,-1.2308085,1.0755187,0.14117067
-0.8524068,0.98335725,0.16952018,1.3129357,2.827964,0.66407865
-0.8365415,0.98335725,0.16952018,1.3129357,2.827964,0.7010398
-0.81591654,0.98335725,0.16952018,1.3129357,2.827964,0.6675352
-0.78894544,0.98335725,0.16952018,1.3129357,2.827964,0.63057417
-0.7572148,0.98335725,0.16952018,1.3129357,2.827964,0.48618618
-0.71596485,0.98335725,0.16952018,1.3129357,2.827964,0.52979505
-0.6620227,0.98335725,0.16952018,1.3129357,2.827964,0.52314734
-0.59856135,0.98335725,0.16952018,1.3129357,2.827964,0.4962906
-0.51923466,0.98335725,0.16952018,1.3129357,2.827964,0.446034
-0.4081773,0.98335725,0.16952018,1.3129357,2.827964,0.45613843
-0.2812546,0.98335725,0.16952018,1.3129357,2.827964,0.37556836
-0.12260119,0.98335725,0.16952018,1.3129357,2.827964,0.31520736
0.08364822,0.98335725,0.16952018,1.3129357,2.827964,0.26468483
0.35335898,0.98335725,0.16952018,1.3129357,2.827964,0.12375353
0.67066574,0.98335725,0.16952018,1.3129357,2.827964,0.12375353
1.0831646,0.98335725,0.16952018,1.3129357,2.827964,0.10381044
-0.8524068,0.98335725,0.16952018,-0.72334456,3.5959167,0.30233738
-0.8365415,0.98335725,0.16952018,-0.72334456,3.5959167,0.33265087
-0.81591654,0.98335725,0.16952018,-0.72334456,3.5959167,0.3361076
-0.78894544,0.98335725,0.16952018,-0.72334456,3.5959167,0.3331828
-0.7572148,0.98335725,0.16952018,-0.72334456,3.5959167,0.30632603
-0.71596485,0.98335725,0.16952018,-0.72334456,3.5959167,0.3502009
-0.6620227,0.98335725,0.16952018,-0.72334456,3.5959167,0.35046667
-0.59856135,0.98335725,0.16952018,-0.72334456,3.5959167,0.3002101
-0.51923466,0.98335725,0.16952018,-0.72334456,3.5959167,0.23346733
-0.4081773,0.98335725,0.16952018,-0.72334456,3.5959167,0.1967719
-0.2812546,0.98335725,0.16952018,-0.72334456,3.5959167,0.16326745
-0.12260119,0.98335725,0.16952018,-0.72334456,3.5959167,0.09306777
0.08364822,0.98335725,0.16952018,-0.72334456,3.5959167,0.07658161
0.35335898,0.98335725,0.16952018,-0.72334456,3.5959167,0.02978176
0.67066574,0.98335725,0.16952018,-0.72334456,3.5959167,0.019943094
1.0831646,0.98335725,0.16952018,-0.72334456,3.5959167,0.0
-0.6620227,-1.146403,-0.9169993,1.3129357,-0.79107815,0.7333743
-0.59856135,-1.146403,-0.9169993,1.3129357,-0.79107815,0.693222
-0.51923466,-1.146403,-0.9169993,1.3129357,-0.79107815,0.66955614
-0.4081773,-1.146403,-0.9169993,1.3129357,-0.79107815,0.6993377
-0.2812546,-1.146403,-0.9169993,1.3129357,-0.79107815,0.73603314
-0.12260119,-1.146403,-0.9169993,1.3129357,-0.79107815,0.74268085
0.08364822,-1.146403,-0.9169993,1.3129357,-0.79107815,0.8426625
0.35335898,-1.146403,-0.9169993,1.3129357,-0.79107815,0.825644
0.67066574,-1.146403,-0.9169993,1.3129357,-0.79107815,0.825644
1.0831646,-1.146403,-0.9169993,1.3129357,-0.79107815,0.7886828
1.622586,-1.146403,-0.9169993,1.3129357,-0.79107815,0.7315128
2.2571995,-1.146403,-0.9169993,1.3129357,-0.79107815,0.6743427
3.0504665,-1.146403,-0.9169993,1.3129357,-0.79107815,0.580743
-0.6620227,-1.146403,-0.9169993,0.29800728,-0.7894463,0.5572367
-0.59856135,-1.146403,-0.9169993,0.29800728,-0.7894463,0.5904752
-0.51923466,-1.146403,-0.9169993,0.29800728,-0.7894463,0.6300954
-0.4081773,-1.146403,-0.9169993,0.29800728,-0.7894463,0.6699818
-0.2812546,-1.146403,-0.9169993,0.29800728,-0.7894463,0.746563
-0.12260119,-1.146403,-0.9169993,0.29800728,-0.7894463,0.81303996
0.08364822,-1.146403,-0.9169993,0.29800728,-0.7894463,0.83617425
0.35335898,-1.146403,-0.9169993,0.29800728,-0.7894463,0.839365
0.67066574,-1.146403,-0.9169993,0.29800728,-0.7894463,0.82899463
1.0831646,-1.146403,-0.9169993,0.29800728,-0.7894463,0.782195
1.622586,-1.146403,-0.9169993,0.29800728,-0.7894463,0.7119953
2.2571995,-1.146403,-0.9169993,0.29800728,-0.7894463,0.6449864
3.0504665,-1.146403,-0.9169993,0.29800728,-0.7894463,0.58489114
-0.6620227,-1.146403,-0.9169993,-0.72334456,-0.78717244,0.614992
-0.59856135,-1.146403,-0.9169993,-0.72334456,-0.78717244,0.64503956
-0.51923466,-1.146403,-0.9169993,-0.72334456,-0.78717244,0.6851915
-0.4081773,-1.146403,-0.9169993,-0.72334456,-0.78717244,0.7319915
-0.2812546,-1.146403,-0.9169993,-0.72334456,-0.78717244,0.7854389
-0.12260119,-1.146403,-0.9169993,-0.72334456,-0.78717244,0.8391524
0.08364822,-1.146403,-0.9169993,-0.72334456,-0.78717244,0.8657432
0.35335898,-1.146403,-0.9169993,-0.72334456,-0.78717244,0.84899086
0.67066574,-1.146403,-0.9169993,-0.72334456,-0.78717244,0.8224001
1.0831646,-1.146403,-0.9169993,-0.72334456,-0.78717244,0.7588481
1.622586,-1.146403,-0.9169993,-0.72334456,-0.78717244,0.66843957
2.2571995,-1.146403,-0.9169993,-0.72334456,-0.78717244,0.60143065
3.0504665,-1.146403,-0.9169993,-0.72334456,-0.78717244,0.5479831
-0.6620227,-1.146403,-0.9169993,-1.2308085,-0.78562504,0.5161274
-0.59856135,-1.146403,-0.9169993,-1.2308085,-0.78562504,0.62222457
-0.51923466,-1.146403,-0.9169993,-1.2308085,-0.78562504,0.6884358
-0.4081773,-1.146403,-0.9169993,-1.2308085,-0.78562504,0.73470354
-0.2812546,-1.146403,-0.9169993,-1.2308085,-0.78562504,0.7878851
-0.12260119,-1.146403,-0.9169993,-1.2308085,-0.78562504,0.837344
0.08364822,-1.146403,-0.9169993,-1.2308085,-0.78562504,0.8538306
0.35335898,-1.146403,-0.9169993,-1.2308085,-0.78562504,0.81713516
0.67066574,-1.146403,-0.9169993,-1.2308085,-0.78562504,0.79373515
1.0831646,-1.146403,-0.9169993,-1.2308085,-0.78562504,0.7168878
1.622586,-1.146403,-0.9169993,-1.2308085,-0.78562504,0.6171723
2.2571995,-1.146403,-0.9169993,-1.2308085,-0.78562504,0.5070864
3.0504665,-1.146403,-0.9169993,-1.2308085,-0.78562504,0.4172096
-0.4081773,-0.43648294,-0.9169993,1.3129357,-0.73878783,0.5567581
-0.2812546,-0.43648294,-0.9169993,1.3129357,-0.73878783,0.7038054
-0.12260119,-0.43648294,-0.9169993,1.3129357,-0.73878783,0.76044345
0.08364822,-0.43648294,-0.9169993,1.3129357,-0.73878783,0.8069774
0.35335898,-0.43648294,-0.9169993,1.3129357,-0.73878783,0.80352086
0.67066574,-0.43648294,-0.9169993,1.3129357,-0.73878783,0.7830458
1.0831646,-0.43648294,-0.9169993,1.3129357,-0.73878783,0.6894461
1.622586,-0.43648294,-0.9169993,1.3129357,-0.73878783,0.58201927
2.2571995,-0.43648294,-0.9169993,1.3129357,-0.73878783,0.47485843
3.0504665,-0.43648294,-0.9169993,1.3129357,-0.73878783,0.37088853
-0.59856135,-0.43648294,-0.9169993,-0.72334456,-0.7312561,0.59209734
-0.51923466,-0.43648294,-0.9169993,-0.72334456,-0.7312561,0.66601974
-0.4081773,-0.43648294,-0.9169993,-0.72334456,-0.7312561,0.71308553
-0.2812546,-0.43648294,-0.9169993,-0.72334456,-0.7312561,0.7766375
-0.12260119,-0.43648294,-0.9169993,-0.72334456,-0.7312561,0.81014174
0.08364822,-0.43648294,-0.9169993,-0.72334456,-0.7312561,0.8032283
0.35335898,-0.43648294,-0.9169993,-0.72334456,-0.7312561,0.75589675
0.67066574,-0.43648294,-0.9169993,-0.72334456,-0.7312561,0.70191705
1.0831646,-0.43648294,-0.9169993,-0.72334456,-0.7312561,0.5939587
1.622586,-0.43648294,-0.9169993,-0.72334456,-0.7312561,0.45249566
2.2571995,-0.43648294,-0.9169993,-0.72334456,-0.7312561,0.36128926
-0.6620227,0.27343708,-0.9169993,1.3129357,-0.44460693,0.64285904
-0.59856135,0.27343708,-0.9169993,1.3129357,-0.44460693,0.70641106
-0.51923466,0.27343708,-0.9169993,1.3129357,-0.44460693,0.7633153
-0.4081773,0.27343708,-0.9169993,1.3129357,-0.44460693,0.810115
-0.2812546,0.27343708,-0.9169993,1.3129357,-0.44460693,0.8268673
-0.12260119,0.27343708,-0.9169993,1.3129357,-0.44460693,0.82021964
0.08364822,0.27343708,-0.9169993,1.3129357,-0.44460693,0.76012456
0.35335898,0.27343708,-0.9169993,1.3129357,-0.44460693,0.6261069
0.67066574,0.27343708,-0.9169993,1.3129357,-0.44460693,0.4724122
-0.78894544,0.27343708,-0.9169993,0.29800728,-0.43293786,0.4840057
-0.7572148,0.27343708,-0.9169993,0.29800728,-0.43293786,0.5414417
-0.71596485,0.27343708,-0.9169993,0.29800728,-0.43293786,0.6055256
-0.6620227,0.27343708,-0.9169993,0.29800728,-0.43293786,0.6696093
-0.59856135,0.27343708,-0.9169993,0.29800728,-0.43293786,0.72704554
-0.51923466,0.27343708,-0.9169993,0.29800728,-0.43293786,0.7677294
-0.4081773,0.27343708,-0.9169993,0.29800728,-0.43293786,0.7884702
-0.2812546,0.27343708,-0.9169993,0.29800728,-0.43293786,0.78873634
-0.12260119,0.27343708,-0.9169993,0.29800728,-0.43293786,0.74885017
0.08364822,0.27343708,-0.9169993,0.29800728,-0.43293786,0.66535467
0.35335898,0.27343708,-0.9169993,0.29800728,-0.43293786,0.5113942
0.67066574,0.27343708,-0.9169993,0.29800728,-0.43293786,0.33057672
-0.78894544,0.27343708,-0.9169993,-0.72334456,-0.416678,0.4423379
-0.7572148,0.27343708,-0.9169993,-0.72334456,-0.416678,0.51918525
-0.71596485,0.27343708,-0.9169993,-0.72334456,-0.416678,0.6026803
-0.6620227,0.27343708,-0.9169993,-0.72334456,-0.416678,0.66623235
-0.59856135,0.27343708,-0.9169993,-0.72334456,-0.416678,0.71303236
-0.51923466,0.27343708,-0.9169993,-0.72334456,-0.416678,0.7398889
-0.4081773,0.27343708,-0.9169993,-0.72334456,-0.416678,0.733507
-0.2812546,0.27343708,-0.9169993,-0.72334456,-0.416678,0.7069162
-0.12260119,0.27343708,-0.9169993,-0.72334456,-0.416678,0.6404392
0.08364822,0.27343708,-0.9169993,-0.72334456,-0.416678,0.54737145
0.35335898,0.27343708,-0.9169993,-0.72334456,-0.416678,0.41415173
-0.78894544,0.27343708,-0.9169993,-1.2308085,-0.40561214,0.44395986
-0.7572148,0.27343708,-0.9169993,-1.2308085,-0.40561214,0.52080745
-0.71596485,0.27343708,-0.9169993,-1.2308085,-0.40561214,0.5976548
-0.6620227,0.27343708,-0.9169993,-1.2308085,-0.40561214,0.6612068
-0.59856135,0.27343708,-0.9169993,-1.2308085,-0.40561214,0.6949772
-0.51923466,0.27343708,-0.9169993,-1.2308085,-0.40561214,0.7119953
-0.4081773,0.27343708,-0.9169993,-1.2308085,-0.40561214,0.6891272
-0.2812546,0.27343708,-0.9169993,-1.2308085,-0.40561214,0.6463158
-0.12260119,0.27343708,-0.9169993,-1.2308085,-0.40561214,0.5902092
0.08364822,0.27343708,-0.9169993,-1.2308085,-0.40561214,0.4974074
0.35335898,0.27343708,-0.9169993,-1.2308085,-0.40561214,0.39157617
-0.8524068,0.74671715,-0.9169993,1.3129357,0.22304507,0.59991497
-0.8365415,0.74671715,-0.9169993,1.3129357,0.22304507,0.6307602
-0.81591654,0.74671715,-0.9169993,1.3129357,0.22304507,0.6647964
-0.78894544,0.74671715,-0.9169993,1.3129357,0.22304507,0.68872833
-0.7572148,0.74671715,-0.9169993,1.3129357,0.22304507,0.71611685
-0.71596485,0.74671715,-0.9169993,1.3129357,0.22304507,0.80386615
-0.6620227,0.74671715,-0.9169993,1.3129357,0.22304507,0.8682162
-0.59856135,0.74671715,-0.9169993,1.3129357,0.22304507,0.8924135
-0.51923466,0.74671715,-0.9169993,1.3129357,0.22304507,0.87247044
-0.4081773,0.74671715,-0.9169993,1.3129357,0.22304507,0.8458796
-0.2812546,0.74671715,-0.9169993,1.3129357,0.22304507,0.7958892
-0.12260119,0.74671715,-0.9169993,1.3129357,0.22304507,0.7222326
0.08364822,0.74671715,-0.9169993,1.3129357,0.22304507,0.63182384
0.35335898,0.74671715,-0.9169993,1.3129357,0.22304507,0.5076449
-0.8524068,0.74671715,-0.9169993,-0.72334456,0.29727373,0.57515895
-0.8365415,0.74671715,-0.9169993,-0.72334456,0.29727373,0.61291784
-0.81591654,0.74671715,-0.9169993,-0.72334456,0.29727373,0.6809904
-0.78894544,0.74671715,-0.9169993,-0.72334456,0.29727373,0.72566277
-0.7572148,0.74671715,-0.9169993,-0.72334456,0.29727373,0.7599651
-0.71596485,0.74671715,-0.9169993,-0.72334456,0.29727373,0.7910763
-0.6620227,0.74671715,-0.9169993,-0.72334456,0.29727373,0.8086259
-0.59856135,0.74671715,-0.9169993,-0.72334456,0.29727373,0.7724624
-0.51923466,0.74671715,-0.9169993,-0.72334456,0.29727373,0.7091766
-0.4081773,0.74671715,-0.9169993,-0.72334456,0.29727373,0.6158429
-0.2812546,0.74671715,-0.9169993,-0.72334456,0.29727373,0.5594703
-0.12260119,0.74671715,-0.9169993,-0.72334456,0.29727373,0.49964103
0.08364822,0.74671715,-0.9169993,-0.72334456,0.29727373,0.43316403
0.35335898,0.74671715,-0.9169993,-0.72334456,0.29727373,0.3228122
-0.8524068,1.456637,-0.9169993,1.3129357,1.1628771,0.537533
-0.8365415,1.456637,-0.9169993,1.3129357,1.1628771,0.5705055
-0.81591654,1.456637,-0.9169993,1.3129357,1.1628771,0.606669
-0.78894544,1.456637,-0.9169993,1.3129357,1.1628771,0.6228894
-0.7572148,1.456637,-0.9169993,1.3129357,1.1628771,0.6356531
-0.71596485,1.456637,-0.9169993,1.3129357,1.1628771,0.69840735
-0.6620227,1.456637,-0.9169993,1.3129357,1.1628771,0.748132
-0.59856135,1.456637,-0.9169993,1.3129357,1.1628771,0.75743896
-0.51923466,1.456637,-0.9169993,1.3129357,1.1628771,0.7303162
-0.4081773,1.456637,-0.9169993,1.3129357,1.1628771,0.7095754
-0.2812546,1.456637,-0.9169993,1.3129357,1.1628771,0.68883467
-0.12260119,1.456637,-0.9169993,1.3129357,1.1628771,0.64469385
0.08364822,1.456637,-0.9169993,1.3129357,1.1628771,0.5939053
0.35335898,1.456637,-0.9169993,1.3129357,1.1628771,0.5130695
0.67066574,1.456637,-0.9169993,1.3129357,1.1628771,0.41893807
1.0831646,1.456637,-0.9169993,1.3129357,1.1628771,0.314702
1.622586,1.456637,-0.9169993,1.3129357,1.1628771,0.24716157
-0.8524068,1.456637,-0.9169993,0.29800728,1.2211158,0.52011603
-0.8365415,1.456637,-0.9169993,0.29800728,1.2211158,0.5528226
-0.81591654,1.456637,-0.9169993,0.29800728,1.2211158,0.58526343
-0.78894544,1.456637,-0.9169993,0.29800728,1.2211158,0.6147792
-0.7572148,1.456637,-0.9169993,0.29800728,1.2211158,0.6339246
-0.71596485,1.456637,-0.9169993,0.29800728,1.2211158,0.6900312
-0.6620227,1.456637,-0.9169993,0.29800728,1.2211158,0.71928084
-0.59856135,1.456637,-0.9169993,0.29800728,1.2211158,0.71848315
-0.51923466,1.456637,-0.9169993,0.29800728,1.2211158,0.707847
-0.4081773,1.456637,-0.9169993,0.29800728,1.2211158,0.65998346
-0.2812546,1.456637,-0.9169993,0.29800728,1.2211158,0.62913823
-0.12260119,1.456637,-0.9169993,0.29800728,1.2211158,0.5916451
0.08364822,1.456637,-0.9169993,0.29800728,1.2211158,0.5339432
0.35335898,1.456637,-0.9169993,0.29800728,1.2211158,0.46640253
0.67066574,1.456637,-0.9169993,0.29800728,1.2211158,0.36509168
1.0831646,1.456637,-0.9169993,0.29800728,1.2211158,0.25394216
-0.8524068,1.456637,-0.9169993,-0.72334456,1.302267,0.48935035
-0.8365415,1.456637,-0.9169993,-0.72334456,1.302267,0.5188661
-0.81591654,1.456637,-0.9169993,-0.72334456,1.302267,0.5614114
-0.78894544,1.456637,-0.9169993,-0.72334456,1.302267,0.5842795
-0.7572148,1.456637,-0.9169993,-0.72334456,1.302267,0.60049987
-0.71596485,1.456637,-0.9169993,-0.72334456,1.302267,0.6398543
-0.6620227,1.456637,-0.9169993,-0.72334456,1.302267,0.6659134
-0.59856135,1.456637,-0.9169993,-0.72334456,1.302267,0.6518201
-0.51923466,1.456637,-0.9169993,-0.72334456,1.302267,0.6212407
-0.4081773,1.456637,-0.9169993,-0.72334456,1.302267,0.5707183
-0.2812546,1.456637,-0.9169993,-0.72334456,1.302267,0.5334912
-0.12260119,1.456637,-0.9169993,-0.72334456,1.302267,0.5061027
0.08364822,1.456637,-0.9169993,-0.72334456,1.302267,0.45558015
0.35335898,1.456637,-0.9169993,-0.72334456,1.302267,0.3917622
0.67066574,1.456637,-0.9169993,-0.72334456,1.302267,0.29444
1.0831646,1.456637,-0.9169993,-0.72334456,1.302267,0.16707008
-0.8524068,1.456637,-0.9169993,-1.2308085,1.3574934,0.44127423
-0.8365415,1.456637,-0.9169993,-1.2308085,1.3574934,0.47451273
-0.81591654,1.456637,-0.9169993,-1.2308085,1.3574934,0.51758987
-0.78894544,1.456637,-0.9169993,-1.2308085,1.3574934,0.54045796
-0.7572148,1.456637,-0.9169993,-1.2308085,1.3574934,0.540192
-0.71596485,1.456637,-0.9169993,-1.2308085,1.3574934,0.5665168
-0.6620227,1.456637,-0.9169993,-1.2308085,1.3574934,0.5896509
-0.59856135,1.456637,-0.9169993,-1.2308085,1.3574934,0.5622624
-0.51923466,1.456637,-0.9169993,-1.2308085,1.3574934,0.52849203
-0.4081773,1.456637,-0.9169993,-1.2308085,1.3574934,0.4814264
-0.2812546,1.456637,-0.9169993,-1.2308085,1.3574934,0.46414232
-0.12260119,1.456637,-0.9169993,-1.2308085,1.3574934,0.44047654
0.08364822,1.456637,-0.9169993,-1.2308085,1.3574934,0.389954
0.35335898,1.456637,-0.9169993,-1.2308085,1.3574934,0.3258703
0.67066574,1.456637,-0.9169993,-1.2308085,1.3574934,0.23865253
1.0831646,1.456637,-0.9169993,-1.2308085,1.3574934,0.12776877
-0.8524068,2.1834602,-0.9169993,1.3129357,1.7479584,0.38889036
-0.8365415,2.1834602,-0.9169993,1.3129357,1.7479584,0.41840613
-0.81591654,2.1834602,-0.9169993,1.3129357,1.7479584,0.47477868
-0.78894544,2.1834602,-0.9169993,1.3129357,1.7479584,0.5447124
-0.7572148,2.1834602,-0.9169993,1.3129357,1.7479584,0.6279417
-0.71596485,2.1834602,-0.9169993,1.3129357,1.7479584,0.6643712
-0.6620227,2.1834602,-0.9169993,1.3129357,1.7479584,0.5630601
-0.59856135,2.1834602,-0.9169993,1.3129357,1.7479584,0.49206275
-0.51923466,2.1834602,-0.9169993,1.3129357,1.7479584,0.4814264
-0.4081773,2.1834602,-0.9169993,1.3129357,1.7479584,0.45722866
-0.2812546,2.1834602,-0.9169993,1.3129357,1.7479584,0.44340155
-0.12260119,2.1834602,-0.9169993,1.3129357,1.7479584,0.39899498
0.08364822,2.1834602,-0.9169993,1.3129357,1.7479584,0.34155875
0.35335898,2.1834602,-0.9169993,1.3129357,1.7479584,0.25700003
-0.8524068,2.1834602,-0.9169993,-0.72334456,1.9279163,0.6007924
-0.8365415,2.1834602,-0.9169993,-0.72334456,1.9279163,0.6340309
-0.81591654,2.1834602,-0.9169993,-0.72334456,1.9279163,0.7042306
-0.78894544,2.1834602,-0.9169993,-0.72334456,1.9279163,0.72417367
-0.7572148,2.1834602,-0.9169993,-0.72334456,1.9279163,0.6664717
-0.71596485,2.1834602,-0.9169993,-0.72334456,1.9279163,0.4505544
-0.6620227,2.1834602,-0.9169993,-0.72334456,1.9279163,0.41997516
-0.59856135,2.1834602,-0.9169993,-0.72334456,1.9279163,0.4127955
-0.51923466,2.1834602,-0.9169993,-0.72334456,1.9279163,0.4056161
-0.4081773,2.1834602,-0.9169993,-0.72334456,1.9279163,0.3782274
-0.2812546,2.1834602,-0.9169993,-0.72334456,1.9279163,0.38141838
-0.12260119,2.1834602,-0.9169993,-0.72334456,1.9279163,0.34046853
0.08364822,2.1834602,-0.9169993,-0.72334456,1.9279163,0.2559098
0.35335898,2.1834602,-0.9169993,-0.72334456,1.9279163,0.14103758
-0.12260119,-1.146403,-1.188629,1.3129357,-0.8169263,0.8064191
0.08364822,-1.146403,-1.188629,1.3129357,-0.8169263,0.89416873
0.35335898,-1.146403,-1.188629,1.3129357,-0.8169263,0.9353846
0.67066574,-1.146403,-1.188629,1.3129357,-0.8169263,0.8896484
1.0831646,-1.146403,-1.188629,1.3129357,-0.8169263,0.84045523
1.622586,-1.146403,-1.188629,1.3129357,-0.8169263,0.70431054
2.2571995,-1.146403,-1.188629,1.3129357,-0.8169263,0.728774
3.0504665,-1.146403,-1.188629,1.3129357,-0.8169263,0.79312366
4.1610403,-1.146403,-1.188629,1.3129357,-0.8169263,0.7205309
5.4302673,-1.146403,-1.188629,1.3129357,-0.8169263,0.5274817
-0.2812546,-1.146403,-1.188629,0.29800728,-0.81604326,0.6446407
-0.12260119,-1.146403,-1.188629,0.29800728,-0.81604326,0.709788
0.08364822,-1.146403,-1.188629,0.29800728,-0.81604326,0.7212223
0.35335898,-1.146403,-1.188629,0.29800728,-0.81604326,0.7935493
0.67066574,-1.146403,-1.188629,0.29800728,-0.81604326,0.8621532
1.0831646,-1.146403,-1.188629,0.29800728,-0.81604326,0.8701305
1.622586,-1.146403,-1.188629,0.29800728,-0.81604326,0.87172586
2.2571995,-1.146403,-1.188629,0.29800728,-0.81604326,0.82918084
3.0504665,-1.146403,-1.188629,0.29800728,-0.81604326,0.74648345
4.1610403,-1.146403,-1.188629,0.29800728,-0.81604326,0.5930545
5.4302673,-1.146403,-1.188629,0.29800728,-0.81604326,0.493339
-0.4081773,-1.146403,-1.188629,-0.72334456,-0.8148129,0.55245036
-0.2812546,-1.146403,-1.188629,-0.72334456,-0.8148129,0.70853835
-0.12260119,-1.146403,-1.188629,-0.72334456,-0.8148129,0.7566676
0.08364822,-1.146403,-1.188629,-0.72334456,-0.8148129,0.7949584
0.35335898,-1.146403,-1.188629,-0.72334456,-0.8148129,0.85000116
0.67066574,-1.146403,-1.188629,-0.72334456,-0.8148129,0.88164425
1.0831646,-1.146403,-1.188629,-0.72334456,-0.8148129,0.88935584
1.622586,-1.146403,-1.188629,-0.72334456,-0.8148129,0.8638285
2.2571995,-1.146403,-1.188629,-0.72334456,-0.8148129,0.7976177
3.0504665,-1.146403,-1.188629,-0.72334456,-0.8148129,0.68434066
4.1610403,-1.146403,-1.188629,-0.72334456,-0.8148129,0.57452077
-0.59856135,-1.146403,-1.188629,-1.2308085,-0.8139756,0.57827
-0.51923466,-1.146403,-1.188629,-1.2308085,-0.8139756,0.65325606
-0.4081773,-1.146403,-1.188629,-1.2308085,-0.8139756,0.68835586
-0.2812546,-1.146403,-1.188629,-1.2308085,-0.8139756,0.72638094
-0.12260119,-1.146403,-1.188629,-1.2308085,-0.8139756,0.7848806
0.08364822,-1.146403,-1.188629,-1.2308085,-0.8139756,0.84683716
0.35335898,-1.146403,-1.188629,-1.2308085,-0.8139756,0.8952322
0.67066574,-1.146403,-1.188629,-1.2308085,-0.8139756,0.93671376
1.0831646,-1.146403,-1.188629,-1.2308085,-0.8139756,0.93485266
1.622586,-1.146403,-1.188629,-1.2308085,-0.8139756,0.89948684
2.2571995,-1.146403,-1.188629,-1.2308085,-0.8139756,0.8202464
3.0504665,-1.146403,-1.188629,-1.2308085,-0.8139756,0.68064475
4.1610403,-1.146403,-1.188629,-1.2308085,-0.8139756,0.59156543
-0.2812546,-0.33506572,-1.188629,1.3129357,-0.7828508,0.6652484
-0.12260119,-0.33506572,-1.188629,1.3129357,-0.7828508,0.72986424
0.08364822,-0.33506572,-1.188629,1.3129357,-0.7828508,0.79767084
0.35335898,-0.33506572,-1.188629,1.3129357,-0.7828508,0.83888626
0.67066574,-0.33506572,-1.188629,1.3129357,-0.7828508,0.8532455
1.0831646,-0.33506572,-1.188629,1.3129357,-0.7828508,0.82745236
1.622586,-0.33506572,-1.188629,1.3129357,-0.7828508,0.7482119
2.2571995,-0.33506572,-1.188629,1.3129357,-0.7828508,0.6386578
3.0504665,-0.33506572,-1.188629,1.3129357,-0.7828508,0.64636916
4.1610403,-0.33506572,-1.188629,1.3129357,-0.7828508,0.5538331
5.4302673,-0.33506572,-1.188629,1.3129357,-0.7828508,0.43417454
-0.4081773,-0.33506572,-1.188629,0.29800728,-0.78098065,0.48113385
-0.2812546,-0.33506572,-1.188629,0.29800728,-0.78098065,0.57632893
-0.12260119,-0.33506572,-1.188629,0.29800728,-0.78098065,0.6850852
0.08364822,-0.33506572,-1.188629,0.29800728,-0.78098065,0.77044183
0.35335898,-0.33506572,-1.188629,0.29800728,-0.78098065,0.81218916
0.67066574,-0.33506572,-1.188629,0.29800728,-0.78098065,0.8536707
1.0831646,-0.33506572,-1.188629,0.29800728,-0.78098065,0.84516186
1.622586,-0.33506572,-1.188629,0.29800728,-0.78098065,0.7659214
2.2571995,-0.33506572,-1.188629,0.29800728,-0.78098065,0.62658554
3.0504665,-0.33506572,-1.188629,0.29800728,-0.78098065,0.5773926
4.1610403,-0.33506572,-1.188629,0.29800728,-0.78098065,0.55877894
5.4302673,-0.33506572,-1.188629,0.29800728,-0.78098065,0.47608152
-0.7572148,-0.33506572,-1.188629,-0.72334456,-0.77837473,0.34530804
-0.71596485,-0.33506572,-1.188629,-0.72334456,-0.77837473,0.40726462
-0.6620227,-0.33506572,-1.188629,-0.72334456,-0.77837473,0.46230757
-0.59856135,-0.33506572,-1.188629,-0.72334456,-0.77837473,0.5205415
-0.51923466,-0.33506572,-1.188629,-0.72334456,-0.77837473,0.5755844
-0.4081773,-0.33506572,-1.188629,-0.72334456,-0.77837473,0.6005798
-0.2812546,-0.33506572,-1.188629,-0.72334456,-0.77837473,0.67902255
-0.12260119,-0.33506572,-1.188629,-0.72334456,-0.77837473,0.740713
0.08364822,-0.33506572,-1.188629,-0.72334456,-0.77837473,0.79921305
0.35335898,-0.33506572,-1.188629,-0.72334456,-0.77837473,0.8406946
0.67066574,-0.33506572,-1.188629,-0.72334456,-0.77837473,0.8521285
1.0831646,-0.33506572,-1.188629,-0.72334456,-0.77837473,0.8231446
1.622586,-0.33506572,-1.188629,-0.72334456,-0.77837473,0.743638
2.2571995,-0.33506572,-1.188629,-0.72334456,-0.77837473,0.6032388
-0.7572148,-0.33506572,-1.188629,-1.2308085,-0.77660125,0.33897945
-0.71596485,-0.33506572,-1.188629,-1.2308085,-0.77660125,0.4440132
-0.6620227,-0.33506572,-1.188629,-1.2308085,-0.77660125,0.5123515
-0.59856135,-0.33506572,-1.188629,-1.2308085,-0.77660125,0.5841466
-0.51923466,-0.33506572,-1.188629,-1.2308085,-0.77660125,0.6389236
-0.4081773,-0.33506572,-1.188629,-1.2308085,-0.77660125,0.6737576
-0.2812546,-0.33506572,-1.188629,-1.2308085,-0.77660125,0.7117823
-0.12260119,-0.33506572,-1.188629,-1.2308085,-0.77660125,0.7766639
0.08364822,-0.33506572,-1.188629,-1.2308085,-0.77660125,0.8213366
0.35335898,-0.33506572,-1.188629,-1.2308085,-0.77660125,0.84952277
0.67066574,-0.33506572,-1.188629,-1.2308085,-0.77660125,0.8473955
1.0831646,-0.33506572,-1.188629,-1.2308085,-0.77660125,0.784907
1.622586,-0.33506572,-1.188629,-1.2308085,-0.77660125,0.62828743
-0.71596485,0.4593686,-1.188629,1.3129357,-0.5274163,0.59419787
-0.6620227,0.4593686,-1.188629,1.3129357,-0.5274163,0.6335523
-0.59856135,0.4593686,-1.188629,1.3129357,-0.5274163,0.69604063
-0.51923466,0.4593686,-1.188629,1.3129357,-0.5274163,0.7518815
-0.4081773,0.4593686,-1.188629,1.3129357,-0.5274163,0.8077219
-0.2812546,0.4593686,-1.188629,1.3129357,-0.5274163,0.8401627
-0.12260119,0.4593686,-1.188629,1.3129357,-0.5274163,0.86622155
0.08364822,0.4593686,-1.188629,1.3129357,-0.5274163,0.8718058
0.35335898,0.4593686,-1.188629,1.3129357,-0.5274163,0.82048535
0.67066574,0.4593686,-1.188629,1.3129357,-0.5274163,0.73938376
1.0831646,0.4593686,-1.188629,1.3129357,-0.5274163,0.634616
-0.78894544,0.4593686,-1.188629,0.29800728,-0.51814646,0.46725357
-0.7572148,0.4593686,-1.188629,0.29800728,-0.51814646,0.52389187
-0.71596485,0.4593686,-1.188629,0.29800728,-0.51814646,0.58691216
-0.6620227,0.4593686,-1.188629,0.29800728,-0.51814646,0.65684587
-0.59856135,0.4593686,-1.188629,0.29800728,-0.51814646,0.71667516
-0.51923466,0.4593686,-1.188629,0.29800728,-0.51814646,0.7663998
-0.4081773,0.4593686,-1.188629,0.29800728,-0.51814646,0.7892679
-0.2812546,0.4593686,-1.188629,0.29800728,-0.51814646,0.81559294
-0.12260119,0.4593686,-1.188629,0.29800728,-0.51814646,0.8182517
0.08364822,0.4593686,-1.188629,0.29800728,-0.51814646,0.7943202
0.35335898,0.4593686,-1.188629,0.29800728,-0.51814646,0.74991363
0.67066574,0.4593686,-1.188629,0.29800728,-0.51814646,0.66562086
1.0831646,0.4593686,-1.188629,0.29800728,-0.51814646,0.55420536
-0.8524068,0.4593686,-1.188629,-0.72334456,-0.5052291,0.33754352
-0.8365415,0.4593686,-1.188629,-0.72334456,-0.5052291,0.36014587
-0.81591654,0.4593686,-1.188629,-0.72334456,-0.5052291,0.42316592
-0.78894544,0.4593686,-1.188629,-0.72334456,-0.5052291,0.4726248
-0.7572148,0.4593686,-1.188629,-0.72334456,-0.5052291,0.5454835
-0.71596485,0.4593686,-1.188629,-0.72334456,-0.5052291,0.61515146
-0.6620227,0.4593686,-1.188629,-0.72334456,-0.5052291,0.68162864
-0.59856135,0.4593686,-1.188629,-0.72334456,-0.5052291,0.71779174
-0.51923466,0.4593686,-1.188629,-0.72334456,-0.5052291,0.73348063
-0.4081773,0.4593686,-1.188629,-0.72334456,-0.5052291,0.73933065
-0.2812546,0.4593686,-1.188629,-0.72334456,-0.5052291,0.7417237
-0.12260119,0.4593686,-1.188629,-0.72334456,-0.5052291,0.74065983
0.08364822,0.4593686,-1.188629,-0.72334456,-0.5052291,0.7060921
0.35335898,0.4593686,-1.188629,-0.72334456,-0.5052291,0.651049
0.67066574,0.4593686,-1.188629,-0.72334456,-0.5052291,0.576063
1.0831646,0.4593686,-1.188629,-0.72334456,-0.5052291,0.4505544
-0.8524068,0.4593686,-1.188629,-1.2308085,-0.49643847,0.4192306
-0.8365415,0.4593686,-1.188629,-1.2308085,-0.49643847,0.44555545
-0.81591654,0.4593686,-1.188629,-1.2308085,-0.49643847,0.51548916
-0.78894544,0.4593686,-1.188629,-1.2308085,-0.49643847,0.5684048
-0.7572148,0.4593686,-1.188629,-1.2308085,-0.49643847,0.6250433
-0.71596485,0.4593686,-1.188629,-1.2308085,-0.49643847,0.6814156
-0.6620227,0.4593686,-1.188629,-1.2308085,-0.49643847,0.7276838
-0.59856135,0.4593686,-1.188629,-1.2308085,-0.49643847,0.743638
-0.51923466,0.4593686,-1.188629,-1.2308085,-0.49643847,0.74629724
-0.4081773,0.4593686,-1.188629,-1.2308085,-0.49643847,0.7353949
-0.2812546,0.4593686,-1.188629,-1.2308085,-0.49643847,0.7210361
-0.12260119,0.4593686,-1.188629,-1.2308085,-0.49643847,0.71013373
0.08364822,0.4593686,-1.188629,-1.2308085,-0.49643847,0.66891795
0.35335898,0.4593686,-1.188629,-1.2308085,-0.49643847,0.62105465
0.67066574,0.4593686,-1.188629,-1.2308085,-0.49643847,0.55963
1.0831646,0.4593686,-1.188629,-1.2308085,-0.49643847,0.4612439
-0.8365415,1.00026,-1.188629,1.3129357,0.079182245,0.43390858
-0.81591654,1.00026,-1.188629,1.3129357,0.079182245,0.52006286
-0.78894544,1.00026,-1.188629,1.3129357,0.079182245,0.57616925
-0.7572148,1.00026,-1.188629,1.3129357,0.079182245,0.6253624
-0.71596485,1.00026,-1.188629,1.3129357,0.079182245,0.67801225
-0.6620227,1.00026,-1.188629,1.3129357,0.079182245,0.71710074
-0.59856135,1.00026,-1.188629,1.3129357,0.079182245,0.7529981
-0.51923466,1.00026,-1.188629,1.3129357,0.079182245,0.78889585
-0.4081773,1.00026,-1.188629,1.3129357,0.079182245,0.82825005
-0.2812546,1.00026,-1.188629,1.3129357,0.079182245,0.82027274
-0.12260119,1.00026,-1.188629,1.3129357,0.079182245,0.8157524
0.08364822,1.00026,-1.188629,1.3129357,0.079182245,0.8077751
0.35335898,1.00026,-1.188629,1.3129357,0.079182245,0.7559231
0.67066574,1.00026,-1.188629,1.3129357,0.079182245,0.6806711
1.0831646,1.00026,-1.188629,1.3129357,0.079182245,0.5854762
1.622586,1.00026,-1.188629,1.3129357,0.079182245,0.45624495
2.2571995,1.00026,-1.188629,1.3129357,0.079182245,0.29350922
-0.8365415,1.00026,-1.188629,-0.72334456,0.143423,0.48307493
-0.81591654,1.00026,-1.188629,-0.72334456,0.143423,0.5359908
-0.78894544,1.00026,-1.188629,-0.72334456,0.143423,0.58890635
-0.7572148,1.00026,-1.188629,-0.72334456,0.143423,0.6314516
-0.71596485,1.00026,-1.188629,-0.72334456,0.143423,0.6777197
-0.6620227,1.00026,-1.188629,-0.72334456,0.143423,0.713617
-0.59856135,1.00026,-1.188629,-0.72334456,0.143423,0.7330286
-0.51923466,1.00026,-1.188629,-0.72334456,0.143423,0.7285078
-0.4081773,1.00026,-1.188629,-0.72334456,0.143423,0.7072355
-0.2812546,1.00026,-1.188629,-0.72334456,0.143423,0.69633317
-0.12260119,1.00026,-1.188629,-0.72334456,0.143423,0.68197393
0.08364822,1.00026,-1.188629,-0.72334456,0.143423,0.650597
0.35335898,1.00026,-1.188629,-0.72334456,0.143423,0.6157631
0.67066574,1.00026,-1.188629,-0.72334456,0.143423,0.5777383
1.0831646,1.00026,-1.188629,-0.72334456,0.143423,0.52641803
1.622586,1.00026,-1.188629,-0.72334456,0.143423,0.45807973
2.2571995,1.00026,-1.188629,-0.72334456,0.143423,0.33602786
-0.8524068,1.7946942,-1.188629,1.3129357,0.3776184,0.24266756
-0.8365415,1.7946942,-1.188629,1.3129357,0.3776184,0.2769697
-0.81591654,1.7946942,-1.188629,1.3129357,0.3776184,0.33148092
-0.78894544,1.7946942,-1.188629,1.3129357,0.3776184,0.37269673
-0.7572148,1.7946942,-1.188629,1.3129357,0.3776184,0.43678042
-0.71596485,1.7946942,-1.188629,1.3129357,0.3776184,0.5112347
-0.6620227,1.7946942,-1.188629,1.3129357,0.3776184,0.5556413
-0.59856135,1.7946942,-1.188629,1.3129357,0.3776184,0.5965912
-0.51923466,1.7946942,-1.188629,1.3129357,0.3776184,0.6109502
-0.4081773,1.7946942,-1.188629,1.3129357,0.3776184,0.6122796
-0.2812546,1.7946942,-1.188629,1.3129357,0.3776184,0.6234477
-0.12260119,1.7946942,-1.188629,1.3129357,0.3776184,0.6213206
0.08364822,1.7946942,-1.188629,1.3129357,0.3776184,0.61573654
0.35335898,1.7946942,-1.188629,1.3129357,0.3776184,0.5904752
0.67066574,1.7946942,-1.188629,1.3129357,0.3776184,0.52506185
1.0831646,1.7946942,-1.188629,1.3129357,0.3776184,0.43970543
1.622586,1.7946942,-1.188629,1.3129357,0.3776184,0.32137647
-0.8524068,1.7946942,-1.188629,0.29800728,0.41311246,0.17472808
-0.8365415,1.7946942,-1.188629,0.29800728,0.41311246,0.18908712
-0.81591654,1.7946942,-1.188629,0.29800728,0.41311246,0.2268462
-0.78894544,1.7946942,-1.188629,0.29800728,0.41311246,0.3212434
-0.7572148,1.7946942,-1.188629,0.29800728,0.41311246,0.4318612
-0.71596485,1.7946942,-1.188629,0.29800728,0.41311246,0.5060495
-0.6620227,1.7946942,-1.188629,0.29800728,0.41311246,0.5241313
-0.59856135,1.7946942,-1.188629,0.29800728,0.41311246,0.6015104
-0.51923466,1.7946942,-1.188629,0.29800728,0.41311246,0.6892599
-0.4081773,1.7946942,-1.188629,0.29800728,0.41311246,0.61400807
-0.2812546,1.7946942,-1.188629,0.29800728,0.41311246,0.58183324
-0.12260119,1.7946942,-1.188629,0.29800728,0.41311246,0.57305825
0.08364822,1.7946942,-1.188629,0.29800728,0.41311246,0.55098784
0.35335898,1.7946942,-1.188629,0.29800728,0.41311246,0.48903143
0.67066574,1.7946942,-1.188629,0.29800728,0.41311246,0.41377944
1.0831646,1.7946942,-1.188629,0.29800728,0.41311246,0.30528897
-0.8524068,1.7946942,-1.188629,-0.72334456,0.46255767,0.28356424
-0.8365415,1.7946942,-1.188629,-0.72334456,0.46255767,0.30138004
-0.81591654,1.7946942,-1.188629,-0.72334456,0.46255767,0.3128141
-0.78894544,1.7946942,-1.188629,-0.72334456,0.46255767,0.3207914
-0.7572148,1.7946942,-1.188629,-0.72334456,0.46255767,0.37583435
-0.71596485,1.7946942,-1.188629,-0.72334456,0.46255767,0.5619699
-0.6620227,1.7946942,-1.188629,-0.72334456,0.46255767,0.8494165
-0.59856135,1.7946942,-1.188629,-0.72334456,0.46255767,0.92785925
-0.51923466,1.7946942,-1.188629,-0.72334456,0.46255767,0.7441168
-0.4081773,1.7946942,-1.188629,-0.72334456,0.46255767,0.6444013
-0.2812546,1.7946942,-1.188629,-0.72334456,0.46255767,0.6186082
-0.12260119,1.7946942,-1.188629,-0.72334456,0.46255767,0.5523972
0.08364822,1.7946942,-1.188629,-0.72334456,0.46255767,0.5367087
0.35335898,1.7946942,-1.188629,-0.72334456,0.46255767,0.51437235
0.67066574,1.7946942,-1.188629,-0.72334456,0.46255767,0.4380567
-0.8524068,1.7946942,-1.188629,-1.2308085,0.49621856,0.33945823
-0.8365415,1.7946942,-1.188629,-1.2308085,0.49621856,0.36099672
-0.81591654,1.7946942,-1.188629,-1.2308085,0.49621856,0.39981925
-0.78894544,1.7946942,-1.188629,-1.2308085,0.49621856,0.46230757
-0.7572148,1.7946942,-1.188629,-1.2308085,0.49621856,0.64605004
-0.71596485,1.7946942,-1.188629,-1.2308085,0.49621856,0.8909512
-0.6620227,1.7946942,-1.188629,-1.2308085,0.49621856,0.9531736
-0.59856135,1.7946942,-1.188629,-1.2308085,0.49621856,0.75560415
-0.51923466,1.7946942,-1.188629,-1.2308085,0.49621856,0.66280216
-0.4081773,1.7946942,-1.188629,-1.2308085,0.49621856,0.6239796
-0.2812546,1.7946942,-1.188629,-1.2308085,0.49621856,0.55776864
-0.12260119,1.7946942,-1.188629,-1.2308085,0.49621856,0.5527163
0.08364822,1.7946942,-1.188629,-1.2308085,0.49621856,0.5341028
0.35335898,1.7946942,-1.188629,-1.2308085,0.49621856,0.49501434
0.67066574,1.7946942,-1.188629,-1.2308085,0.49621856,0.38865116
-0.81591654,2.6060317,-1.188629,1.3129357,0.781837,0.33177346
-0.78894544,2.6060317,-1.188629,1.3129357,0.781837,0.38681638
-0.7572148,2.6060317,-1.188629,1.3129357,0.781837,0.38788003
-0.71596485,2.6060317,-1.188629,1.3129357,0.781837,0.45940915
-0.6620227,2.6060317,-1.188629,1.3129357,0.781837,0.52774745
-0.59856135,2.6060317,-1.188629,1.3129357,0.781837,0.8207779
-0.51923466,2.6060317,-1.188629,1.3129357,0.781837,1.0
-0.4081773,2.6060317,-1.188629,1.3129357,0.781837,0.75616246
-0.2812546,2.6060317,-1.188629,1.3129357,0.781837,0.63331294
-0.12260119,2.6060317,-1.188629,1.3129357,0.781837,0.6040631
0.08364822,2.6060317,-1.188629,1.3129357,0.781837,0.5516792
0.35335898,2.6060317,-1.188629,1.3129357,0.781837,0.5460952
0.67066574,2.6060317,-1.188629,1.3129357,0.781837,0.59422445
1.0831646,2.6060317,-1.188629,1.3129357,0.781837,0.5250884
1.622586,2.6060317,-1.188629,1.3129357,0.781837,0.48599994
-0.8524068,2.6060317,-1.188629,-0.72334456,0.89480025,0.3373309
-0.8365415,2.6060317,-1.188629,-0.72334456,0.89480025,0.37243077
-0.81591654,2.6060317,-1.188629,-0.72334456,0.89480025,0.46097815
-0.78894544,2.6060317,-1.188629,-0.72334456,0.89480025,0.5327732
-0.7572148,2.6060317,-1.188629,-0.72334456,0.89480025,0.70189065
-0.71596485,2.6060317,-1.188629,-0.72334456,0.89480025,0.8946739
-0.6620227,2.6060317,-1.188629,-0.72334456,0.89480025,0.89600354
-0.59856135,2.6060317,-1.188629,-0.72334456,0.89480025,0.66572714
-0.51923466,2.6060317,-1.188629,-0.72334456,0.89480025,0.6133433
-0.4081773,2.6060317,-1.188629,-0.72334456,0.89480025,0.5008643
-0.2812546,2.6060317,-1.188629,-0.72334456,0.89480025,0.475337
-0.12260119,2.6060317,-1.188629,-0.72334456,0.89480025,0.47666663
0.08364822,2.6060317,-1.188629,-0.72334456,0.89480025,0.46470085
0.35335898,2.6060317,-1.188629,-0.72334456,0.89480025,0.432526
0.67066574,2.6060317,-1.188629,-0.72334456,0.89480025,0.41045558
-0.71596485,-1.146403,-0.37373954,1.3129357,-0.755307,0.5524238
-0.6620227,-1.146403,-0.37373954,1.3129357,-0.755307,0.6228894
-0.59856135,-1.146403,-0.37373954,1.3129357,-0.755307,0.6766027
-0.51923466,-1.146403,-0.37373954,1.3129357,-0.755307,0.7167551
-0.4081773,-1.146403,-0.37373954,1.3129357,-0.755307,0.75371623
-0.2812546,-1.146403,-0.37373954,1.3129357,-0.755307,0.7635547
-0.12260119,-1.146403,-0.37373954,1.3129357,-0.755307,0.7768501
0.08364822,-1.146403,-0.37373954,1.3129357,-0.755307,0.759832
0.35335898,-1.146403,-0.37373954,1.3129357,-0.755307,0.7327093
0.67066574,-1.146403,-0.37373954,1.3129357,-0.755307,0.7289866
1.0831646,-1.146403,-0.37373954,1.3129357,-0.755307,0.69175965
1.622586,-1.146403,-0.37373954,1.3129357,-0.755307,0.5872576
2.2571995,-1.146403,-0.37373954,1.3129357,-0.755307,0.52982163
3.0504665,-1.146403,-0.37373954,1.3129357,-0.755307,0.4253198
-0.71596485,-1.146403,-0.37373954,0.29800728,-0.7470071,0.6060042
-0.6620227,-1.146403,-0.37373954,0.29800728,-0.7470071,0.65253806
-0.59856135,-1.146403,-0.37373954,0.29800728,-0.7470071,0.7025289
-0.51923466,-1.146403,-0.37373954,0.29800728,-0.7470071,0.7458716
-0.4081773,-1.146403,-0.37373954,0.29800728,-0.7470071,0.7623582
-0.2812546,-1.146403,-0.37373954,0.29800728,-0.7470071,0.7753874
-0.12260119,-1.146403,-0.37373954,0.29800728,-0.7470071,0.7886828
0.08364822,-1.146403,-0.37373954,0.29800728,-0.7470071,0.7551786
0.35335898,-1.146403,-0.37373954,0.29800728,-0.7470071,0.6945516
0.67066574,-1.146403,-0.37373954,0.29800728,-0.7470071,0.6642381
1.0831646,-1.146403,-0.37373954,0.29800728,-0.7470071,0.647486
1.622586,-1.146403,-0.37373954,0.29800728,-0.7470071,0.560268
2.2571995,-1.146403,-0.37373954,0.29800728,-0.7470071,0.49325928
3.0504665,-1.146403,-0.37373954,0.29800728,-0.7470071,0.43954596
-0.71596485,-1.146403,-0.37373954,-0.72334456,-0.73609185,0.585556
-0.6620227,-1.146403,-0.37373954,-0.72334456,-0.73609185,0.6653283
-0.59856135,-1.146403,-0.37373954,-0.72334456,-0.73609185,0.7286145
-0.51923466,-1.146403,-0.37373954,-0.72334456,-0.73609185,0.76823455
-0.4081773,-1.146403,-0.37373954,-0.72334456,-0.73609185,0.7945596
-0.2812546,-1.146403,-0.37373954,-0.72334456,-0.73609185,0.7942938
-0.12260119,-1.146403,-0.37373954,-0.72334456,-0.73609185,0.7772753
0.08364822,-1.146403,-0.37373954,-0.72334456,-0.73609185,0.7334007
0.35335898,-1.146403,-0.37373954,-0.72334456,-0.73609185,0.6493739
0.67066574,-1.146403,-0.37373954,-0.72334456,-0.73609185,0.6020423
1.0831646,-1.146403,-0.37373954,-0.72334456,-0.73609185,0.5916717
1.622586,-1.146403,-0.37373954,-0.72334456,-0.73609185,0.5041882
2.2571995,-1.146403,-0.37373954,-0.72334456,-0.73609185,0.4302656
-0.71596485,-1.146403,-0.37373954,-1.2308085,-0.7332316,0.61246586
-0.6620227,-1.146403,-0.37373954,-1.2308085,-0.7332316,0.68266535
-0.59856135,-1.146403,-0.37373954,-1.2308085,-0.7332316,0.7427608
-0.51923466,-1.146403,-0.37373954,-1.2308085,-0.7332316,0.78929466
-0.4081773,-1.146403,-0.37373954,-1.2308085,-0.7332316,0.8023239
-0.2812546,-1.146403,-0.37373954,-1.2308085,-0.7332316,0.7916877
-0.12260119,-1.146403,-0.37373954,-1.2308085,-0.7332316,0.7611085
0.08364822,-1.146403,-0.37373954,-1.2308085,-0.7332316,0.70712924
0.35335898,-1.146403,-0.37373954,-1.2308085,-0.7332316,0.626293
0.67066574,-1.146403,-0.37373954,-1.2308085,-0.7332316,0.55875236
1.0831646,-1.146403,-0.37373954,-1.2308085,-0.7332316,0.55502963
1.622586,-1.146403,-0.37373954,-1.2308085,-0.7332316,0.4470711
2.2571995,-1.146403,-0.37373954,-1.2308085,-0.7332316,0.3327306
-0.6620227,-0.5886086,-0.37373954,1.3129357,-0.6931201,0.7364056
-0.59856135,-0.5886086,-0.37373954,1.3129357,-0.6931201,0.7459783
-0.51923466,-0.5886086,-0.37373954,1.3129357,-0.6931201,0.76911217
-0.4081773,-0.5886086,-0.37373954,1.3129357,-0.6931201,0.8052757
-0.2812546,-0.5886086,-0.37373954,1.3129357,-0.6931201,0.81511414
-0.12260119,-0.5886086,-0.37373954,1.3129357,-0.6931201,0.8113915
0.08364822,-0.5886086,-0.37373954,1.3129357,-0.6931201,0.76405984
0.35335898,-0.5886086,-0.37373954,1.3129357,-0.6931201,0.67338514
0.67066574,-0.5886086,-0.37373954,1.3129357,-0.6931201,0.6295105
1.0831646,-0.5886086,-0.37373954,1.3129357,-0.6931201,0.57234025
1.622586,-0.5886086,-0.37373954,1.3129357,-0.6931201,0.47475213
2.2571995,-0.5886086,-0.37373954,1.3129357,-0.6931201,0.3540299
-0.71596485,-0.5886086,-0.37373954,0.29800728,-0.6792162,0.6174117
-0.6620227,-0.5886086,-0.37373954,0.29800728,-0.6792162,0.6844206
-0.59856135,-0.5886086,-0.37373954,0.29800728,-0.6792162,0.7378679
-0.51923466,-0.5886086,-0.37373954,0.29800728,-0.6792162,0.7814768
-0.4081773,-0.5886086,-0.37373954,0.29800728,-0.6792162,0.8048768
-0.2812546,-0.5886086,-0.37373954,0.29800728,-0.6792162,0.8048768
-0.12260119,-0.5886086,-0.37373954,0.29800728,-0.6792162,0.78466797
0.08364822,-0.5886086,-0.37373954,0.29800728,-0.6792162,0.72457254
0.35335898,-0.5886086,-0.37373954,0.29800728,-0.6792162,0.6341638
0.67066574,-0.5886086,-0.37373954,0.29800728,-0.6792162,0.57061183
1.0831646,-0.5886086,-0.37373954,0.29800728,-0.6792162,0.544021
1.622586,-0.5886086,-0.37373954,0.29800728,-0.6792162,0.45706922
2.2571995,-0.5886086,-0.37373954,0.29800728,-0.6792162,0.3265083
-0.71596485,-0.5886086,-0.37373954,-0.72334456,-0.6609306,0.6347489
-0.6620227,-0.5886086,-0.37373954,-0.72334456,-0.6609306,0.70760757
-0.59856135,-0.5886086,-0.37373954,-0.72334456,-0.6609306,0.76025724
-0.51923466,-0.5886086,-0.37373954,-0.72334456,-0.6609306,0.79323
-0.4081773,-0.5886086,-0.37373954,-0.72334456,-0.6609306,0.78950727
-0.2812546,-0.5886086,-0.37373954,-0.72334456,-0.6609306,0.76903224
-0.12260119,-0.5886086,-0.37373954,-0.72334456,-0.6609306,0.7288803
0.08364822,-0.5886086,-0.37373954,-0.72334456,-0.6609306,0.6653283
0.35335898,-0.5886086,-0.37373954,-0.72334456,-0.6609306,0.57172865
0.67066574,-0.5886086,-0.37373954,-0.72334456,-0.6609306,0.50498587
1.0831646,-0.5886086,-0.37373954,-0.72334456,-0.6609306,0.46456775
1.622586,-0.5886086,-0.37373954,-0.72334456,-0.6609306,0.39117733
2.2571995,-0.5886086,-0.37373954,-0.72334456,-0.6609306,0.3175207
-0.71596485,-0.5886086,-0.37373954,-1.2308085,-0.65614045,0.67997974
-0.6620227,-0.5886086,-0.37373954,-1.2308085,-0.65614045,0.7440636
-0.59856135,-0.5886086,-0.37373954,-1.2308085,-0.65614045,0.78793824
-0.51923466,-0.5886086,-0.37373954,-1.2308085,-0.65614045,0.81479526
-0.4081773,-0.5886086,-0.37373954,-1.2308085,-0.65614045,0.7983087
-0.2812546,-0.5886086,-0.37373954,-1.2308085,-0.65614045,0.751509
-0.12260119,-0.5886086,-0.37373954,-1.2308085,-0.65614045,0.71827054
0.08364822,-0.5886086,-0.37373954,-1.2308085,-0.65614045,0.6613662
0.35335898,-0.5886086,-0.37373954,-1.2308085,-0.65614045,0.5709575
0.67066574,-0.5886086,-0.37373954,-1.2308085,-0.65614045,0.4973011
1.0831646,-0.5886086,-0.37373954,-1.2308085,-0.65614045,0.4606059
1.622586,-0.5886086,-0.37373954,-1.2308085,-0.65614045,0.37365386
-0.71596485,-0.013911487,-0.37373954,1.3129357,-0.48357433,0.7463504
-0.6620227,-0.013911487,-0.37373954,1.3129357,-0.48357433,0.82692045
-0.59856135,-0.013911487,-0.37373954,1.3129357,-0.48357433,0.88754743
-0.51923466,-0.013911487,-0.37373954,1.3129357,-0.48357433,0.9114794
-0.4081773,-0.013911487,-0.37373954,1.3129357,-0.48357433,0.88542014
-0.2812546,-0.013911487,-0.37373954,1.3129357,-0.48357433,0.8293135
-0.12260119,-0.013911487,-0.37373954,1.3129357,-0.48357433,0.7466161
0.08364822,-0.013911487,-0.37373954,1.3129357,-0.48357433,0.56048083
-0.7572148,-0.013911487,-0.37373954,0.29800728,-0.45078683,0.6903769
-0.71596485,-0.013911487,-0.37373954,0.29800728,-0.45078683,0.78823084
-0.6620227,-0.013911487,-0.37373954,0.29800728,-0.45078683,0.86614203
-0.59856135,-0.013911487,-0.37373954,0.29800728,-0.45078683,0.9001782
-0.51923466,-0.013911487,-0.37373954,0.29800728,-0.45078683,0.8908713
-0.4081773,-0.013911487,-0.37373954,0.29800728,-0.45078683,0.80498314
-0.2812546,-0.013911487,-0.37373954,0.29800728,-0.45078683,0.69861996
-0.12260119,-0.013911487,-0.37373954,0.29800728,-0.45078683,0.5555616
-0.78894544,-0.013911487,-0.37373954,-0.72334456,-0.40766603,0.6625096
-0.7572148,-0.013911487,-0.37373954,-0.72334456,-0.40766603,0.7332412
-0.71596485,-0.013911487,-0.37373954,-0.72334456,-0.40766603,0.79705894
-0.6620227,-0.013911487,-0.37373954,-0.72334456,-0.40766603,0.8308294
-0.59856135,-0.013911487,-0.37373954,-0.72334456,-0.40766603,0.8279044
-0.51923466,-0.013911487,-0.37373954,-0.72334456,-0.40766603,0.77153206
-0.4081773,-0.013911487,-0.37373954,-0.72334456,-0.40766603,0.63804615
-0.2812546,-0.013911487,-0.37373954,-0.72334456,-0.40766603,0.5013695
-0.81591654,-0.013911487,-0.37373954,-1.2308085,-0.39636895,0.6085569
-0.78894544,-0.013911487,-0.37373954,-1.2308085,-0.39636895,0.6625364
-0.7572148,-0.013911487,-0.37373954,-1.2308085,-0.39636895,0.7133245
-0.71596485,-0.013911487,-0.37373954,-1.2308085,-0.39636895,0.764113
-0.6620227,-0.013911487,-0.37373954,-1.2308085,-0.39636895,0.78458804
-0.59856135,-0.013911487,-0.37373954,-1.2308085,-0.39636895,0.75134957
-0.51923466,-0.013911487,-0.37373954,-1.2308085,-0.39636895,0.6880633
-0.4081773,-0.013911487,-0.37373954,-1.2308085,-0.39636895,0.5575026
-0.2812546,-0.013911487,-0.37373954,-1.2308085,-0.39636895,0.45379853
-0.8524068,0.35795137,-0.37373954,1.3129357,-0.06321995,0.8009947
-0.8365415,0.35795137,-0.37373954,1.3129357,-0.06321995,0.82838315
-0.81591654,0.35795137,-0.37373954,1.3129357,-0.06321995,0.882894
-0.78894544,0.35795137,-0.37373954,1.3129357,-0.06321995,0.92384404
-0.7572148,0.35795137,-0.37373954,1.3129357,-0.06321995,0.9344802
-0.71596485,0.35795137,-0.37373954,1.3129357,-0.06321995,0.93182135
-0.6620227,0.35795137,-0.37373954,1.3129357,-0.06321995,0.91560096
-0.59856135,0.35795137,-0.37373954,1.3129357,-0.06321995,0.8523147
-0.51923466,0.35795137,-0.37373954,1.3129357,-0.06321995,0.78211504
-0.4081773,0.35795137,-0.37373954,1.3129357,-0.06321995,0.6749542
-0.2812546,0.35795137,-0.37373954,1.3129357,-0.06321995,0.5544979
-0.12260119,0.35795137,-0.37373954,1.3129357,-0.06321995,0.5382775
0.08364822,0.35795137,-0.37373954,1.3129357,-0.06321995,0.5287048
0.35335898,0.35795137,-0.37373954,1.3129357,-0.06321995,0.4484005
0.67066574,0.35795137,-0.37373954,1.3129357,-0.06321995,0.354801
1.0831646,0.35795137,-0.37373954,1.3129357,-0.06321995,0.3688941
-0.8524068,0.35795137,-0.37373954,-0.72334456,0.1003905,0.7987874
-0.8365415,0.35795137,-0.37373954,-0.72334456,0.1003905,0.8232509
-0.81591654,0.35795137,-0.37373954,-0.72334456,0.1003905,0.8509056
-0.78894544,0.35795137,-0.37373954,-0.72334456,0.1003905,0.85515976
-0.7572148,0.35795137,-0.37373954,-0.72334456,0.1003905,0.8086259
-0.71596485,0.35795137,-0.37373954,-0.72334456,0.1003905,0.75890124
-0.6620227,0.35795137,-0.37373954,-0.72334456,0.1003905,0.7328424
-0.59856135,0.35795137,-0.37373954,-0.72334456,0.1003905,0.6966789
-0.51923466,0.35795137,-0.37373954,-0.72334456,0.1003905,0.64695406
-0.4081773,0.35795137,-0.37373954,-0.72334456,0.1003905,0.54351586
-0.2812546,0.35795137,-0.37373954,-0.72334456,0.1003905,0.4164119
-0.12260119,0.35795137,-0.37373954,-0.72334456,0.1003905,0.42040056
0.08364822,0.35795137,-0.37373954,-0.72334456,0.1003905,0.424655
0.35335898,0.35795137,-0.37373954,-0.72334456,0.1003905,0.3414259
0.67066574,0.35795137,-0.37373954,-0.72334456,0.1003905,0.25793082
1.0831646,0.35795137,-0.37373954,-0.72334456,0.1003905,0.2587285
-0.8524068,0.93264866,-0.37373954,1.3129357,1.7221634,0.7234823
-0.8365415,0.93264866,-0.37373954,1.3129357,1.7221634,0.74954116
-0.81591654,0.93264866,-0.37373954,1.3129357,1.7221634,0.8957905
-0.78894544,0.93264866,-0.37373954,1.3129357,1.7221634,0.9585448
-0.7572148,0.93264866,-0.37373954,1.3129357,1.7221634,0.97795635
-0.71596485,0.93264866,-0.37373954,1.3129357,1.7221634,0.85058624
-0.6620227,0.93264866,-0.37373954,1.3129357,1.7221634,0.6365305
-0.59856135,0.93264866,-0.37373954,1.3129357,1.7221634,0.6527509
-0.51923466,0.93264866,-0.37373954,1.3129357,1.7221634,0.6187147
-0.4081773,0.93264866,-0.37373954,1.3129357,1.7221634,0.5681922
-0.2812546,0.93264866,-0.37373954,1.3129357,1.7221634,0.5009175
-0.12260119,0.93264866,-0.37373954,1.3129357,1.7221634,0.47698572
0.08364822,0.93264866,-0.37373954,1.3129357,1.7221634,0.4631584
0.35335898,0.93264866,-0.37373954,1.3129357,1.7221634,0.38923603
0.67066574,0.93264866,-0.37373954,1.3129357,1.7221634,0.33844772
1.0831646,0.93264866,-0.37373954,1.3129357,1.7221634,0.28127748
-0.8524068,0.93264866,-0.37373954,0.29800728,1.9537266,0.76911217
-0.8365415,0.93264866,-0.37373954,0.29800728,1.9537266,0.7954372
-0.81591654,0.93264866,-0.37373954,0.29800728,1.9537266,0.85872304
-0.78894544,0.93264866,-0.37373954,0.29800728,1.9537266,0.8784004
-0.7572148,0.93264866,-0.37373954,0.29800728,1.9537266,0.80820066
-0.71596485,0.93264866,-0.37373954,0.29800728,1.9537266,0.55479044
-0.6620227,0.93264866,-0.37373954,0.29800728,1.9537266,0.5779243
-0.59856135,0.93264866,-0.37373954,0.29800728,1.9537266,0.587763
-0.51923466,0.93264866,-0.37373954,0.29800728,1.9537266,0.55399257
-0.4081773,0.93264866,-0.37373954,0.29800728,1.9537266,0.49044058
-0.2812546,0.93264866,-0.37373954,0.29800728,1.9537266,0.40375474
-0.12260119,0.93264866,-0.37373954,0.29800728,1.9537266,0.3636026
0.08364822,0.93264866,-0.37373954,0.29800728,1.9537266,0.3598799
0.35335898,0.93264866,-0.37373954,0.29800728,1.9537266,0.29313695
0.67066574,0.93264866,-0.37373954,0.29800728,1.9537266,0.22958498
1.0831646,0.93264866,-0.37373954,0.29800728,1.9537266,0.1793284
-0.8524068,0.93264866,-0.37373954,-0.72334456,2.2582715,0.6691573
-0.8365415,0.93264866,-0.37373954,-0.72334456,2.2582715,0.69920504
-0.81591654,0.93264866,-0.37373954,-0.72334456,2.2582715,0.6922912
-0.78894544,0.93264866,-0.37373954,-0.72334456,2.2582715,0.66171193
-0.7572148,0.93264866,-0.37373954,-0.72334456,2.2582715,0.5005718
-0.71596485,0.93264866,-0.37373954,-0.72334456,2.2582715,0.476906
-0.6620227,0.93264866,-0.37373954,-0.72334456,2.2582715,0.5034968
-0.59856135,0.93264866,-0.37373954,-0.72334456,2.2582715,0.5066876
-0.51923466,0.93264866,-0.37373954,-0.72334456,2.2582715,0.47291735
-0.4081773,0.93264866,-0.37373954,-0.72334456,2.2582715,0.3854336
-0.2812546,0.93264866,-0.37373954,-0.72334456,2.2582715,0.2846545
-0.12260119,0.93264866,-0.37373954,-0.72334456,2.2582715,0.26417968
0.08364822,0.93264866,-0.37373954,-0.72334456,2.2582715,0.257266
0.35335898,0.93264866,-0.37373954,-0.72334456,2.2582715,0.20009576
0.67066574,0.93264866,-0.37373954,-0.72334456,2.2582715,0.13946877
1.0831646,0.93264866,-0.37373954,-0.72334456,2.2582715,0.12245069
-0.8524068,0.93264866,-0.37373954,-1.2308085,2.3380532,0.5745473
-0.8365415,0.93264866,-0.37373954,-1.2308085,2.3380532,0.5976814
-0.81591654,0.93264866,-0.37373954,-1.2308085,2.3380532,0.5673679
-0.78894544,0.93264866,-0.37373954,-1.2308085,2.3380532,0.5272157
-0.7572148,0.93264866,-0.37373954,-1.2308085,2.3380532,0.4064935
-0.71596485,0.93264866,-0.37373954,-1.2308085,2.3380532,0.4229799
-0.6620227,0.93264866,-0.37373954,-1.2308085,2.3380532,0.44292298
-0.59856135,0.93264866,-0.37373954,-1.2308085,2.3380532,0.43600932
-0.51923466,0.93264866,-0.37373954,-1.2308085,2.3380532,0.40915257
-0.4081773,0.93264866,-0.37373954,-1.2308085,2.3380532,0.29507804
-0.2812546,0.93264866,-0.37373954,-1.2308085,2.3380532,0.18791717
-0.12260119,0.93264866,-0.37373954,-1.2308085,2.3380532,0.18446043
0.08364822,0.93264866,-0.37373954,-1.2308085,2.3380532,0.18419448
0.35335898,0.93264866,-0.37373954,-1.2308085,2.3380532,0.13367192
0.67066574,0.93264866,-0.37373954,-1.2308085,2.3380532,0.10016768
1.0831646,0.93264866,-0.37373954,-1.2308085,2.3380532,0.10335844
-0.8524068,1.4904429,-0.37373954,1.3129357,2.4788046,0.7317254
-0.8365415,1.4904429,-0.37373954,1.3129357,2.4788046,0.76523006
-0.81591654,1.4904429,-0.37373954,1.3129357,2.4788046,0.8091047
-0.78894544,1.4904429,-0.37373954,1.3129357,2.4788046,0.8157524
-0.7572148,1.4904429,-0.37373954,1.3129357,2.4788046,0.7248119
-0.71596485,1.4904429,-0.37373954,1.3129357,2.4788046,0.5027788
-0.6620227,1.4904429,-0.37373954,1.3129357,2.4788046,0.5533014
-0.59856135,1.4904429,-0.37373954,1.3129357,2.4788046,0.5599491
-0.51923466,1.4904429,-0.37373954,1.3129357,2.4788046,0.5264446
-0.4081773,1.4904429,-0.37373954,1.3129357,2.4788046,0.48256978
-0.2812546,1.4904429,-0.37373954,1.3129357,2.4788046,0.43896088
-0.12260119,1.4904429,-0.37373954,1.3129357,2.4788046,0.4152951
0.08364822,1.4904429,-0.37373954,1.3129357,2.4788046,0.34802043
0.35335898,1.4904429,-0.37373954,1.3129357,2.4788046,0.26372746
-0.8524068,1.4904429,-0.37373954,-0.72334456,3.1727722,0.5353791
-0.8365415,1.4904429,-0.37373954,-0.72334456,3.1727722,0.5654266
-0.81591654,1.4904429,-0.37373954,-0.72334456,3.1727722,0.51517004
-0.78894544,1.4904429,-0.37373954,-0.72334456,3.1727722,0.454809
-0.7572148,1.4904429,-0.37373954,-0.72334456,3.1727722,0.3170687
-0.71596485,1.4904429,-0.37373954,-0.72334456,3.1727722,0.3909911
-0.6620227,1.4904429,-0.37373954,-0.72334456,3.1727722,0.4143909
-0.59856135,1.4904429,-0.37373954,-0.72334456,3.1727722,0.42130455
-0.51923466,1.4904429,-0.37373954,-0.72334456,3.1727722,0.3944478
-0.4081773,1.4904429,-0.37373954,-0.72334456,3.1727722,0.2971256
-0.2812546,1.4904429,-0.37373954,-0.72334456,3.1727722,0.19980322
-0.12260119,1.4904429,-0.37373954,-0.72334456,3.1727722,0.1830511
0.08364822,1.4904429,-0.37373954,-0.72334456,3.1727722,0.15619433
0.35335898,1.4904429,-0.37373954,-0.72334456,3.1727722,0.08572869
0.67066574,1.4904429,-0.37373954,-0.72334456,3.1727722,0.075624265
1.0831646,1.4904429,-0.37373954,-0.72334456,3.1727722,0.021910949
